"fips","county","state","days_from_start","datetime","log_rolled_cases.x","t0.hat","tau.hat","predicted.grf.future","Predicted_Double_Days"
1073,"Jefferson","Alabama",75,"2020-04-05",5.81156861752887,31.7401249233993,0.137669955656829,6.91927477311336,5.03484712588824
1081,"Lee","Alabama",75,"2020-04-05",4.50928841428481,35.9642264863894,0.117492922332537,5.40887756195292,5.8994802988911
1089,"Madison","Alabama",75,"2020-04-05",4.74493212836325,38.5244135543936,0.132761310824871,5.77187584539869,5.22100283774914
1097,"Mobile","Alabama",75,"2020-04-05",4.39621126966584,48.1221642542669,0.163642302968782,5.54384706102988,4.23574569646687
1117,"Shelby","Alabama",75,"2020-04-05",4.67549550270882,34.3094396617932,0.11709372476352,5.58426534606004,5.9195928898821
1125,"Tuscaloosa","Alabama",75,"2020-04-05",3.64880123054653,44.1577784116674,0.123493096390269,4.67325311822985,5.61284153382494
1127,"Walker","Alabama",75,"2020-04-05",3.67449071666184,42.5421336562969,0.117357669353489,4.63068323175846,5.90627936272441
2020,"Anchorage","Alaska",75,"2020-04-05",4.26468992796934,37.5826999810908,0.117643025945675,5.22538557856136,5.89195300773738
4005,"Coconino","Arizona",75,"2020-04-05",4.71722254693549,41.8962471382134,0.14215097585789,5.7007876048666,4.87613381742025
4013,"Maricopa","Arizona",75,"2020-04-05",6.88740678844401,29.4911739738571,0.152462939464679,8.00564996378518,4.54633226273672
4017,"Navajo","Arizona",75,"2020-04-05",4.88927443709199,44.0864763524673,0.158321922180845,6.00254194052628,4.37808719735092
4019,"Pima","Arizona",75,"2020-04-05",5.56123093067229,38.3862403830885,0.152797232701132,6.66406177715645,4.53638569433864
4021,"Pinal","Arizona",75,"2020-04-05",4.32507828280299,44.2464718449048,0.144422813295021,5.45247074797164,4.79942998440289
5007,"Benton","Arkansas",75,"2020-04-05",3.69244452027843,39.1373457020437,0.111527211562368,4.7803523140128,6.21504985957913
5023,"Cleburne","Arkansas",75,"2020-04-05",4.14313472639153,29.64632345841,0.0951551766441163,4.98172333928393,7.28438751317062
5045,"Faulkner","Arkansas",75,"2020-04-05",3.66356164612965,33.7872171474016,0.0944233868793679,4.55241424782186,7.34084217340654
5051,"Garland","Arkansas",75,"2020-04-05",3.58747933967221,38.4154025629279,0.10293726297304,4.48647916795397,6.73368574741963
5069,"Jefferson","Arkansas",75,"2020-04-05",3.88008995832514,38.9979701787598,0.113766426554178,4.8921872673387,6.09272174185635
5119,"Pulaski","Arkansas",75,"2020-04-05",4.8317364445798,33.1039398354304,0.119128374671568,5.82490817524838,5.81848936049806
6001,"Alameda","California",75,"2020-04-05",6.04365030027855,21.0905546574477,0.113026517152572,6.88438246876362,6.13260673709234
6013,"Contra Costa","California",75,"2020-04-05",5.64544689764324,27.1050464274803,0.118351831676093,6.49691830508179,5.85666626991428
6019,"Fresno","California",75,"2020-04-05",4.46426473291085,48.3837444430844,0.170859406875093,5.74365348581615,4.05682773478589
6029,"Kern","California",75,"2020-04-05",5.03043792139244,47.0059513830475,0.1797202332876,6.28913858111631,3.85681215676327
6037,"Los Angeles","California",75,"2020-04-05",8.32329632706646,23.1769132726732,0.16082329620041,9.46012270017127,4.30999237632949
6041,"Marin","California",75,"2020-04-05",4.78271846402938,28.3961366238122,0.104245894027079,5.5879826609561,6.64915570084604
6053,"Monterey","California",75,"2020-04-05",3.89763426797605,45.8729596889302,0.137725728038938,4.97562292873413,5.03280825180303
6059,"Orange","California",75,"2020-04-05",6.47894843115813,27.2012303589793,0.136820963748117,7.49762047449549,5.06608900837747
6061,"Placer","California",75,"2020-04-05",4.43251603459627,39.0848809893256,0.12422937988291,5.33131862229738,5.5795753082987
6065,"Riverside","California",75,"2020-04-05",6.25052666217971,38.6920874496103,0.170786500134643,7.39640681261825,4.05855954664735
6067,"Sacramento","California",75,"2020-04-05",5.81327728945248,34.19737349546,0.143092426797652,6.8401938338364,4.84405217014126
6071,"San Bernardino","California",75,"2020-04-05",5.61936513284362,44.7073629995471,0.183186671343976,6.83151403775216,3.78382977033519
6073,"San Diego","California",75,"2020-04-05",6.87862067247115,27.3760490112904,0.144982147320636,7.9194977094803,4.78091401851713
6075,"San Francisco","California",75,"2020-04-05",6.14387902673401,17.5092964895758,0.108136055150277,6.97377027148338,6.40995438197443
6077,"San Joaquin","California",75,"2020-04-05",5.14832469686944,38.6737845836794,0.146577996347413,6.35066984504066,4.72886243387499
6079,"San Luis Obispo","California",75,"2020-04-05",4.46754880811204,29.5334851239445,0.104093294282909,5.46141237299185,6.65890329761381
6081,"San Mateo","California",75,"2020-04-05",6.07304453410041,20.6192781282234,0.112119409176881,6.88197027111403,6.18222291437899
6083,"Santa Barbara","California",75,"2020-04-05",4.89034912822175,41.5385344524844,0.145717644789897,5.89594946433153,4.75678275996952
6085,"Santa Clara","California",75,"2020-04-05",6.93063440150307,12.6732952522602,0.112274233606765,7.78360264403495,6.17369772469488
6087,"Santa Cruz","California",75,"2020-04-05",4.03297561584581,34.8208279794763,0.105281952341075,4.96711534015614,6.58372270979935
6095,"Solano","California",75,"2020-04-05",4.17658266045907,40.2855650970334,0.123046252819455,5.13280490329113,5.63322461820106
6097,"Sonoma","California",75,"2020-04-05",4.54025063988878,33.022955764025,0.11328681964677,5.54845357719278,6.11851566423338
6099,"Stanislaus","California",75,"2020-04-05",3.94019388239484,48.6774316732379,0.152149080563203,5.06999813292136,4.5557106095821
6107,"Tulare","California",75,"2020-04-05",4.31748811353631,50.6149569045481,0.171870368607051,5.39415892556351,4.03296499668709
6111,"Ventura","California",75,"2020-04-05",5.16478597392351,36.7249019919595,0.13666549594417,6.18754372318977,5.07185208505815
8001,"Adams","Colorado",75,"2020-04-05",5.53845849423082,42.6791110800168,0.170532277053503,6.7054807232926,4.0646098940113
8005,"Arapahoe","Colorado",75,"2020-04-05",6.10606792984699,31.7594788080978,0.140690447263864,7.06836139725837,4.92675369252293
8013,"Boulder","Colorado",75,"2020-04-05",4.89142266563028,31.8800131006758,0.114700762502812,5.74880071398345,6.04309130502032
8031,"Denver","Colorado",75,"2020-04-05",6.47543271670409,24.7016298496743,0.129843363364597,7.43981309562794,5.33833353202353
8035,"Douglas","Colorado",75,"2020-04-05",5.16069598867199,34.8681899043069,0.129366142861154,6.09726047814424,5.35802618235193
8037,"Eagle","Colorado",75,"2020-04-05",5.68163424143319,22.9740966600201,0.110141270810941,6.50118800462917,6.29325570203144
8041,"El Paso","Colorado",75,"2020-04-05",5.83731386728072,32.3549073815077,0.138730802038858,6.88730351625682,4.9963466683181
8051,"Gunnison","Colorado",75,"2020-04-05",4.45600704767187,27.3729661026046,0.0973698770536333,5.31902757439404,7.11870243174022
8059,"Jefferson","Colorado",75,"2020-04-05",5.9698030503268,31.0049883613367,0.135410230594577,6.90524628516453,5.11886862252863
8069,"Larimer","Colorado",75,"2020-04-05",4.80284939843637,34.7165433126766,0.121272432036184,5.73417978754926,5.71562035098902
8097,"Pitkin","Colorado",75,"2020-04-05",3.54302757710137,35.515172690188,0.0974915410047997,4.53187744777557,7.10981869212448
8123,"Weld","Colorado",75,"2020-04-05",5.82262315187072,34.8203906905104,0.144996644765279,6.84088505121273,4.78043600030892
9001,"Fairfield","Connecticut",75,"2020-04-05",7.73593272829034,28.502309451913,0.167345670340683,8.95260688644806,4.14200844962904
9003,"Hartford","Connecticut",75,"2020-04-05",6.31948278179691,39.5967381286129,0.179882056063917,7.62758592924183,3.8533425497074
9005,"Litchfield","Connecticut",75,"2020-04-05",5.01822546336293,43.3858026604142,0.154485529602724,5.96533472619,4.48680975067664
9007,"Middlesex","Connecticut",75,"2020-04-05",4.35853865336667,47.8888373010438,0.159652505339178,5.44593258492066,4.34159914426255
9009,"New Haven","Connecticut",75,"2020-04-05",6.6152999277777,38.7230793423239,0.180726885230951,7.8213030728488,3.83532964491793
9013,"Tolland","Connecticut",75,"2020-04-05",4.26468992796934,46.1394700237166,0.14878164218279,5.33538853941662,4.65882195135578
10001,"Kent","Delaware",75,"2020-04-05",3.92055790787798,49.1918415213937,0.150749660808972,4.94581876241689,4.59800159310669
10003,"New Castle","Delaware",75,"2020-04-05",5.62401750618734,39.8420812065059,0.160269283957239,6.75661945816074,4.32489098001387
10005,"Sussex","Delaware",75,"2020-04-05",4.69787958409236,44.1666255584542,0.154806093219489,5.85683689060577,4.47751872128947
11001,"District of Columbia","District of Columbia",75,"2020-04-05",6.52879299073997,34.1143978194853,0.160201155055448,7.67132877984411,4.3267302306281
12001,"Alachua","Florida",75,"2020-04-05",4.60944674275535,37.9938008239826,0.129990399905682,5.72038342921957,5.33229516228028
12009,"Brevard","Florida",75,"2020-04-05",3.98898404656427,50.5858348011595,0.16096384924686,5.05654495128212,4.30622890669636
12011,"Broward","Florida",75,"2020-04-05",7.30691483452703,26.6393320155309,0.153508836518943,8.49835173120735,4.51535687637376
12019,"Clay","Florida",75,"2020-04-05",4.06535702534885,47.0029931117662,0.14539757714644,5.08848000892645,4.76725399531129
12021,"Collier","Florida",75,"2020-04-05",5.19612642565149,39.220726582856,0.147583171919471,6.3135008633124,4.69665458158173
12031,"Duval","Florida",75,"2020-04-05",5.66395205185824,40.9182312991348,0.166352434747554,6.83405224712477,4.16673901774761
12033,"Escambia","Florida",75,"2020-04-05",4.64439089914137,45.3957361520222,0.153357978836291,5.6135559205162,4.51979861641159
12057,"Hillsborough","Florida",75,"2020-04-05",6.00529700741766,36.2782131063056,0.157163187588392,7.18578177045016,4.41036600997995
12069,"Lake","Florida",75,"2020-04-05",4.36944785246702,46.5598269495848,0.155946903999554,5.52678526442069,4.44476397275528
12071,"Lee","Florida",75,"2020-04-05",5.61051782038494,40.7387027422049,0.164593714471465,6.79135017957175,4.2112615465648
12081,"Manatee","Florida",75,"2020-04-05",4.48863636973214,47.6743909811798,0.161542794248431,5.54505479517937,4.29079603200362
12086,"Miami-Dade","Florida",75,"2020-04-05",7.98324515022939,28.2971478313881,0.170788395756476,9.17182396942443,4.05851449971044
12091,"Okaloosa","Florida",75,"2020-04-05",3.88303546855489,43.3423087137312,0.131012752014531,5.06465052194223,5.29068483717574
12095,"Orange","Florida",75,"2020-04-05",6.25355404855685,37.0429499240061,0.164687590267597,7.40386824255512,4.20886102853085
12097,"Osceola","Florida",75,"2020-04-05",5.1102651350451,44.1177597080221,0.166123218669389,6.2931196877106,4.17248826570965
12099,"Palm Beach","Florida",75,"2020-04-05",6.60471781844716,34.1475714574717,0.161817212504749,7.74334659833461,4.28351947132697
12101,"Pasco","Florida",75,"2020-04-05",4.19397440317094,49.9922576699395,0.163950500915296,5.24768538818113,4.22778324366363
12103,"Pinellas","Florida",75,"2020-04-05",5.56123093067229,41.6053355668708,0.16572037302553,6.69421885809926,4.18263106644808
12105,"Polk","Florida",75,"2020-04-05",4.68080760019371,48.4909000976917,0.173079187907275,5.79972779859526,4.00479797103793
12109,"St. Johns","Florida",75,"2020-04-05",4.6388812433304,41.5501621826713,0.139911156321453,5.65938358203769,4.95419521061927
12115,"Sarasota","Florida",75,"2020-04-05",4.66747406932424,42.4740033696654,0.150071987965949,5.9317448906497,4.61876456729033
12117,"Seminole","Florida",75,"2020-04-05",4.95783710852928,43.125321198151,0.156650987095094,6.08975680731436,4.42478654883404
12119,"Sumter","Florida",75,"2020-04-05",4.13402304604028,43.6244853858005,0.135733827784766,5.20885549179552,5.10666494765826
12127,"Volusia","Florida",75,"2020-04-05",4.67948221895265,45.5761572515317,0.160405800094989,5.84259563860212,4.32121020654788
13015,"Bartow","Georgia",75,"2020-04-05",5.00202691955966,34.7788774445293,0.130043485364793,6.14079935995145,5.33011844934451
13045,"Carroll","Georgia",75,"2020-04-05",4.91580119142541,39.8605952868154,0.141673971962926,5.97005684187009,4.8925513342799
13057,"Cherokee","Georgia",75,"2020-04-05",4.58204776856724,41.7521736144933,0.140463878934835,5.65336581280407,4.93470054946664
13059,"Clarke","Georgia",75,"2020-04-05",4.02023659006838,44.2166764252108,0.135204296736446,5.10846769229496,5.12666533010484
13063,"Clayton","Georgia",75,"2020-04-05",5.09812274821937,46.4870986884807,0.175984202973406,6.24970963258096,3.93868977356274
13067,"Cobb","Georgia",75,"2020-04-05",5.89045961148981,35.9785827249388,0.153126411715328,7.04709448938394,4.52663373219082
13089,"DeKalb","Georgia",75,"2020-04-05",6.05845541592426,35.4834868902494,0.156337316081386,7.27226681304302,4.43366432233688
13095,"Dougherty","Georgia",75,"2020-04-05",6.27959294851161,35.9623775223454,0.161443705929604,7.43248438498061,4.29342956771684
13097,"Douglas","Georgia",75,"2020-04-05",4.20469261939097,45.5065641062848,0.147943852174038,5.39897948518254,4.68520435539654
13113,"Fayette","Georgia",75,"2020-04-05",4.01251454397447,46.8231686032902,0.14274093571387,5.02117382901538,4.85598036115854
13115,"Floyd","Georgia",75,"2020-04-05",4.20682254564879,48.9289553549582,0.155769473258291,5.1514592044596,4.44982682460891
13117,"Forsyth","Georgia",75,"2020-04-05",4.02279741093005,48.86381240017,0.152070388659737,5.03903292700811,4.55806805433297
13121,"Fulton","Georgia",75,"2020-04-05",6.63444561731856,31.3618214369536,0.153433217250864,7.76957865265196,4.51758226138636
13135,"Gwinnett","Georgia",75,"2020-04-05",5.72405184641826,39.7285487936567,0.162748561585173,6.87961787995021,4.2590064932598
13139,"Hall","Georgia",75,"2020-04-05",4.38023932409979,49.6688959409845,0.164008177511168,5.30256545364305,4.22629646325255
13151,"Henry","Georgia",75,"2020-04-05",4.78986986518701,45.8213216805365,0.163319510834902,5.90868404578806,4.24411741754872
13177,"Lee","Georgia",75,"2020-04-05",4.64301632847821,44.508012121164,0.153167995611327,5.74257263488547,4.52540478703429
15003,"Honolulu","Hawaii",75,"2020-04-05",5.34574606011915,37.7454469741919,0.144617943056033,6.40000242945649,4.79295422070402
16001,"Ada","Idaho",75,"2020-04-05",5.6634563888989,42.2769696066351,0.1654386113695,6.57172298766672,4.18975458523302
16013,"Blaine","Idaho",75,"2020-04-05",5.74162861714632,38.9604708778531,0.15658085135869,6.73916611202291,4.42676850039668
16027,"Canyon","Idaho",75,"2020-04-05",4.34008794545355,50.7971903354973,0.17285823229952,5.39366252138433,4.00991709413581
17031,"Cook","Illinois",75,"2020-04-05",8.67309743489248,19.363351858676,0.156719483652669,9.81638315444222,4.42285263073057
17043,"DuPage","Illinois",75,"2020-04-05",6.14418563412565,32.1326064172114,0.143973507247029,7.17958355138206,4.81440782970333
17089,"Kane","Illinois",75,"2020-04-05",5.09287339233323,40.8573827251539,0.15145000220792,6.23104947711504,4.57673932291101
17091,"Kankakee","Illinois",75,"2020-04-05",4.09196077086682,50.2500438995381,0.158947747860059,5.04658401682417,4.36084933502931
17097,"Lake","Illinois",75,"2020-04-05",6.29368330525066,32.1888128556771,0.147583471470616,7.35130791683171,4.69664504875094
17111,"McHenry","Illinois",75,"2020-04-05",4.48702994368387,44.2161514150748,0.14602778014366,5.51749153414078,4.74668025411355
17197,"Will","Illinois",75,"2020-04-05",6.02206303060762,38.7238808063626,0.162701388558189,7.0410846842145,4.26024133353998
18003,"Allen","Indiana",75,"2020-04-05",3.88303546855489,50.6200368726564,0.164561978870348,5.16394882911422,4.21207368383707
18031,"Decatur","Indiana",75,"2020-04-05",4.11787505963229,48.076968179261,0.154351184731055,5.23606015120034,4.49071500013234
18057,"Hamilton","Indiana",75,"2020-04-05",5.30117043553045,44.3209225892287,0.170325818120113,6.41771968600069,4.06953677493062
18063,"Hendricks","Indiana",75,"2020-04-05",4.7548209604925,47.8877561760931,0.171255885009853,5.84192250573507,4.04743568677985
18081,"Johnson","Indiana",75,"2020-04-05",4.83628190695148,45.4179459840881,0.165230569491051,6.04447361820149,4.19502990696578
18089,"Lake","Indiana",75,"2020-04-05",5.39167759448328,46.8888467579854,0.188592372403881,6.62169568774774,3.67537229488547
18097,"Marion","Indiana",75,"2020-04-05",7.15483854629077,34.360817550453,0.177879021049594,8.47401113772842,3.89673372649544
18141,"St. Joseph","Indiana",75,"2020-04-05",4.24440525679783,49.1672897377618,0.165646622547273,5.43862756401296,4.1844932899983
19103,"Johnson","Iowa",75,"2020-04-05",4.42399083377291,34.9679013659869,0.114015857824313,5.36240507103471,6.07939275980377
19113,"Linn","Iowa",75,"2020-04-05",4.71081637512308,47.9583927628693,0.163031569594427,5.54985665938642,4.25161324450402
19153,"Polk","Iowa",75,"2020-04-05",4.50928841428481,45.8203294971522,0.155453218329139,5.6242462177555,4.45887957811433
20091,"Johnson","Kansas",75,"2020-04-05",5.05987887019819,41.2952373680386,0.153681094690633,6.25555248040221,4.51029570003572
20173,"Sedgwick","Kansas",75,"2020-04-05",4.34565899050301,49.3188504939714,0.169735158971157,5.5471401067659,4.08369830246975
20209,"Wyandotte","Kansas",75,"2020-04-05",4.72104664337389,46.7675966698543,0.168612737323056,5.94063196796582,4.11088267449155
21067,"Fayette","Kentucky",75,"2020-04-05",4.77912349311153,43.1772204508589,0.152398953931582,5.91655099200552,4.54824106516588
21111,"Jefferson","Kentucky",75,"2020-04-05",5.45165138646874,42.2899873890222,0.167201369270122,6.6395684822893,4.14558315871285
22005,"Ascension","Louisiana",75,"2020-04-05",5.36464000947911,45.548352058668,0.188811199135716,6.88247935827584,3.67111264444497
22015,"Bossier","Louisiana",75,"2020-04-05",4.50928841428481,49.6038956783702,0.182418597204818,5.90965190525266,3.79976159876772
22017,"Caddo","Louisiana",75,"2020-04-05",5.96247701023473,43.0471398201845,0.188804685041834,7.35448249772865,3.67123930429143
22019,"Calcasieu","Louisiana",75,"2020-04-05",4.60230895370706,53.0000613919416,0.207586839734412,6.02000560813882,3.33907092302557
22033,"East Baton Rouge","Louisiana",75,"2020-04-05",5.93678205723371,43.2988750970901,0.18634718142449,7.21184554361443,3.71965476086803
22051,"Jefferson","Louisiana",75,"2020-04-05",7.61740834201531,36.5936832535917,0.197445755084148,8.9652844955846,3.51057018300817
22055,"Lafayette","Louisiana",75,"2020-04-05",5.26785815906333,50.1544761305872,0.205622729630656,6.54816354454687,3.37096575755507
22057,"Lafourche","Louisiana",75,"2020-04-05",4.97968504805515,54.60371582197,0.221398844404485,6.06550565799271,3.130762413979
22071,"Orleans","Louisiana",75,"2020-04-05",7.96950597434609,31.8079606144827,0.1863199273348,9.35177713109499,3.72019885620942
22073,"Ouachita","Louisiana",75,"2020-04-05",4.67015503607751,53.4141583457178,0.210236593210283,6.00978996344489,3.29698636177312
22079,"Rapides","Louisiana",75,"2020-04-05",4.3193910636824,52.9834402672533,0.203964699215321,5.91835387815307,3.39836836092997
22087,"St. Bernard","Louisiana",75,"2020-04-05",5.03509559166642,53.1674768729493,0.223596840973674,6.44686108850895,3.09998646466367
22089,"St. Charles","Louisiana",75,"2020-04-05",5.04893983677776,54.1390426521109,0.210208385175985,5.85660685355677,3.29742878705645
22093,"St. James","Louisiana",75,"2020-04-05",4.68609162834031,51.7957497675438,0.202200696325813,6.10732042900173,3.42801579398646
22095,"St. John the Baptist","Louisiana",75,"2020-04-05",5.39622158152941,52.1289875102916,0.222989392879961,6.66091893978983,3.10843117516839
22103,"St. Tammany","Louisiana",75,"2020-04-05",5.91812551001714,44.6140797091705,0.194325398657411,7.26503386468963,3.56694073625415
22109,"Terrebonne","Louisiana",75,"2020-04-05",4.48219512362928,55.4831711818095,0.218864498100238,5.80359243050318,3.16701514670731
23005,"Cumberland","Maine",75,"2020-04-05",5.3054348343169,34.6566360381007,0.134387681224375,6.36236490420126,5.15781784643387
23031,"York","Maine",75,"2020-04-05",4.33822401201549,44.1060088764942,0.140803452200539,5.33560476784622,4.92279961696344
24003,"Anne Arundel","Maryland",75,"2020-04-05",5.33891076351329,45.3308472215838,0.172085588126787,6.31023272198475,4.02792115310236
24005,"Baltimore","Maryland",75,"2020-04-05",5.90302357730876,42.5081946098471,0.180203045309097,7.11654359605977,3.8464787283201
24013,"Carroll","Maryland",75,"2020-04-05",4.71722254693549,46.1066805652042,0.165369926422705,5.93567559399881,4.19149476300897
24027,"Howard","Maryland",75,"2020-04-05",5.01253824424234,43.5897861680098,0.161924674420844,6.21956136918002,4.28067669760106
24031,"Montgomery","Maryland",75,"2020-04-05",6.2352507089681,36.1783168185959,0.162762737026582,7.45806256977022,4.25863556501107
24033,"Prince George's","Maryland",75,"2020-04-05",6.21803080569969,40.0263325116519,0.177599196864458,7.45448963538642,3.90287339581243
24510,"Baltimore city","Maryland",75,"2020-04-05",5.57215403217776,43.644138269913,0.179029289844426,6.86682268690849,3.87169709024864
25001,"Barnstable","Massachusetts",75,"2020-04-05",5.60000800215401,39.8938492007878,0.165542426326646,6.97035436657724,4.18712710657167
25003,"Berkshire","Massachusetts",75,"2020-04-05",5.35388721770285,39.933576588225,0.156937998780715,6.60182030610618,4.41669440126136
25005,"Bristol","Massachusetts",75,"2020-04-05",6.10479323241498,42.1194309304362,0.186095339519866,7.42158804124594,3.72468855130008
25009,"Essex","Massachusetts",75,"2020-04-05",6.97741459501225,35.6730965758229,0.178640751966666,8.27587286398211,3.88011790663132
25011,"Franklin","Massachusetts",75,"2020-04-05",4.3658246600976,49.643720543967,0.169176689080955,5.47392822934977,4.09717901636117
25013,"Hampden","Massachusetts",75,"2020-04-05",6.2947387143196,43.1855861659655,0.195594994322904,7.59190505351484,3.54378793260752
25015,"Hampshire","Massachusetts",75,"2020-04-05",4.55387689160054,51.8764881899969,0.176756525963796,5.32452729736553,3.92147999504085
25017,"Middlesex","Massachusetts",75,"2020-04-05",7.54470996560589,28.8320315582272,0.163951761861281,8.71698210061367,4.22775072796359
25021,"Norfolk","Massachusetts",75,"2020-04-05",6.85616118747997,32.9843576311153,0.165256672847804,8.10016197537971,4.19436727495
25023,"Plymouth","Massachusetts",75,"2020-04-05",6.49375383985169,38.5296401945191,0.178152943030102,7.7443725339239,3.89074223962062
25025,"Suffolk","Massachusetts",75,"2020-04-05",7.54795366022379,32.0360906730272,0.176568030493269,8.82202906560788,3.92566637699664
25027,"Worcester","Massachusetts",75,"2020-04-05",6.52440105646079,37.948691925352,0.176442157145621,7.77250782177719,3.92846693654895
26049,"Genesee","Michigan",75,"2020-04-05",5.8047045837151,43.3110871562037,0.180148910558654,6.96976549950861,3.84763459523818
26065,"Ingham","Michigan",75,"2020-04-05",4.86202479464461,48.1520321224629,0.177970892047936,6.02395303717517,3.89472217947442
26081,"Kent","Michigan",75,"2020-04-05",4.85870437100731,43.4864784262875,0.15624419389427,6.01751413231429,4.43630680464835
26093,"Livingston","Michigan",75,"2020-04-05",4.66478589566244,46.2099903997431,0.155841176646267,5.57755720828524,4.44777943465654
26099,"Macomb","Michigan",75,"2020-04-05",7.20276756252876,32.398612661025,0.168341813152676,8.34998747953126,4.11749860345927
26115,"Monroe","Michigan",75,"2020-04-05",4.33635659784069,47.4559311990969,0.159694017941228,5.51648114285443,4.3404705417021
26125,"Oakland","Michigan",75,"2020-04-05",7.70571282389443,24.3516359726555,0.152377326649212,8.78430359618737,4.54888660801642
26139,"Ottawa","Michigan",75,"2020-04-05",3.55534806148941,46.577570144909,0.133614469580444,4.73294917633849,5.1876655480238
26161,"Washtenaw","Michigan",75,"2020-04-05",6.03171494972928,36.3884197392942,0.156825991288232,7.15308128860794,4.41984887113517
26163,"Wayne","Michigan",75,"2020-04-05",8.56856505414579,25.3223209881334,0.173327970499827,9.82382707576748,3.99904976998873
27037,"Dakota","Minnesota",75,"2020-04-05",3.95672318434605,41.0731514685398,0.124536362314121,5.09688083708907,5.56582164180776
27053,"Hennepin","Minnesota",75,"2020-04-05",5.4368363006836,28.1756454849234,0.119018485799377,6.4060931735133,5.82386152793394
27109,"Olmsted","Minnesota",75,"2020-04-05",4.24849524204936,40.4675486623726,0.124556451504108,5.1731347608819,5.56492395367481
27123,"Ramsey","Minnesota",75,"2020-04-05",4.22787595484662,42.2073748771091,0.131856921080369,5.24693303040973,5.25681302794459
27163,"Washington","Minnesota",75,"2020-04-05",3.85318250540521,46.0332208175794,0.13081346965178,4.70493917705184,5.29874471187925
28033,"DeSoto","Mississippi",75,"2020-04-05",4.63195120866574,39.8754848595476,0.135134640724834,5.69248121921285,5.12930790241533
28047,"Harrison","Mississippi",75,"2020-04-05",4.05302641289137,42.6455362128757,0.13107281214506,5.15830023903932,5.2882605417272
28049,"Hinds","Mississippi",75,"2020-04-05",4.76826038085416,41.1101799083263,0.14088386050443,5.7607157098466,4.91998996959733
28059,"Jackson","Mississippi",75,"2020-04-05",4.11321304652648,45.2873457646053,0.137203894681976,5.03711914520888,5.05194974360304
28089,"Madison","Mississippi",75,"2020-04-05",4.02535169073515,44.2635413583115,0.132193820045051,4.98852662281686,5.24341592007649
28121,"Rankin","Mississippi",75,"2020-04-05",3.9863350383927,42.8639351850504,0.129810300826885,5.08026434680908,5.33969319957378
29019,"Boone","Missouri",75,"2020-04-05",4.23203396499529,40.9347481191438,0.13150749530092,5.40038841875281,5.2707807944624
29077,"Greene","Missouri",75,"2020-04-05",3.9810158769151,45.47171922088,0.141600760192764,5.17243232685814,4.8950809276472
29095,"Jackson","Missouri",75,"2020-04-05",4.62777001790533,48.4758497029322,0.176109376633381,5.90391721098038,3.9358902621234
29183,"St. Charles","Missouri",75,"2020-04-05",4.71722254693549,48.2554427723937,0.174650807940039,5.89351418338033,3.96876022925651
29189,"St. Louis","Missouri",75,"2020-04-05",6.48855339476193,38.9660429185206,0.182031079877366,7.83351767893789,3.8078507309132
29510,"St. Louis city","Missouri",75,"2020-04-05",5.33340868635931,44.1998929319552,0.173199090765225,6.5469441750135,4.00202551582399
30031,"Gallatin","Montana",75,"2020-04-05",4.5155580272984,34.6771130077009,0.112331938153048,5.31587161484263,6.1705263165277
31055,"Douglas","Nebraska",75,"2020-04-05",4.86423230105983,38.5723495088967,0.136431440121451,5.92489689759228,5.08055313308212
32003,"Clark","Nevada",75,"2020-04-05",7.03174125876313,31.0824481903244,0.161027598877714,8.19913110864368,4.30452410264359
32031,"Washoe","Nevada",75,"2020-04-05",5.22881416078107,40.3369306092141,0.151848229378758,6.32646331747518,4.56473666763024
33009,"Grafton","New Hampshire",75,"2020-04-05",3.630038954091,39.6558602445523,0.113234845824413,4.7948321367755,6.12132401040906
33011,"Hillsborough","New Hampshire",75,"2020-04-05",5.11456621694449,44.6728963817753,0.16552232225395,6.17846887390237,4.18763566823631
33015,"Rockingham","New Hampshire",75,"2020-04-05",5.15246548953547,37.6713571565478,0.139010364476998,6.16214079843894,4.986298562469
34003,"Bergen","New Jersey",75,"2020-04-05",8.35625284722956,25.4390037753938,0.168927195009603,9.55469043917148,4.1032302733763
34005,"Burlington","New Jersey",75,"2020-04-05",5.79995808073695,44.3811061889438,0.188142192038996,7.07770114369433,3.68416660318425
34007,"Camden","New Jersey",75,"2020-04-05",5.87933514237646,45.2268534231663,0.198501626535274,7.29952940832154,3.49189672980725
34013,"Essex","New Jersey",75,"2020-04-05",7.9102761303628,34.511521550583,0.196635124106698,9.33790285353938,3.52504255640426
34015,"Gloucester","New Jersey",75,"2020-04-05",5.11628148323124,48.084645674536,0.189516851069165,6.42753115465692,3.65744352889748
34017,"Hudson","New Jersey",75,"2020-04-05",7.81543763631969,35.7540548202492,0.198226872570567,9.16718908205187,3.49673670159525
34019,"Hunterdon","New Jersey",75,"2020-04-05",4.89034912822175,44.5707947120646,0.161358209279539,6.03950954001751,4.29570446805795
34021,"Mercer","New Jersey",75,"2020-04-05",6.04703439826279,42.3267914844547,0.185829804108791,7.37246456681102,3.73001082299022
34023,"Middlesex","New Jersey",75,"2020-04-05",7.55051101400568,33.0275643048161,0.180538001650326,8.84138567635759,3.83934226713367
34025,"Monmouth","New Jersey",75,"2020-04-05",7.36797909854943,30.0192585248971,0.164965405851263,8.57502411388992,4.20177295344519
34027,"Morris","New Jersey",75,"2020-04-05",7.07822111939972,33.0882553199377,0.168611865674636,8.24710052390678,4.11090392592823
34029,"Ocean","New Jersey",75,"2020-04-05",7.29796170612966,34.5331388484406,0.181274332856885,8.60452358805931,3.82374696757087
34031,"Passaic","New Jersey",75,"2020-04-05",7.59574633239271,37.6105415344631,0.202908661106973,9.00700558450567,3.41605516875655
34035,"Somerset","New Jersey",75,"2020-04-05",6.35362442127728,37.2005237031373,0.169181467011211,7.57924112123719,4.09706330607722
34037,"Sussex","New Jersey",75,"2020-04-05",5.22035582507832,44.4023381195607,0.171427327019184,6.44526667833476,4.04338790444057
34039,"Union","New Jersey",75,"2020-04-05",7.66461474658511,36.3772156049955,0.198670052627196,9.06388097675475,3.48893641187399
34041,"Warren","New Jersey",75,"2020-04-05",4.83628190695148,48.4200570994233,0.181041296888051,6.0793564121471,3.82866888646164
35001,"Bernalillo","New Mexico",75,"2020-04-05",5.16885929931115,39.1839342783402,0.145316545235613,6.22188275125255,4.76991232785016
35049,"Santa Fe","New Mexico",75,"2020-04-05",3.90629233071916,42.8408179334483,0.124122632559488,4.8605407669767,5.58437382664875
36001,"Albany","New York",75,"2020-04-05",5.55018719612064,29.3007304327877,0.12597763583067,6.63892939008056,5.50214469409178
36007,"Broome","New York",75,"2020-04-05",3.89182029811063,48.2711520141166,0.144900509134395,4.88732724567112,4.78360762636832
36027,"Dutchess","New York",75,"2020-04-05",6.55393340402581,32.3989304299857,0.152092030843017,7.54392740288924,4.55741945661428
36029,"Erie","New York",75,"2020-04-05",6.56606947530804,33.8683166118738,0.157712861194727,7.59098550126009,4.39499464602396
36055,"Monroe","New York",75,"2020-04-05",6.00388706710654,36.39614738068,0.156800748375243,7.15071821950368,4.42056041021666
36059,"Nassau","New York",75,"2020-04-05",9.28991703700278,8.16146185409052,0.139583407209433,10.3066347377697,4.96582791907306
36063,"Niagara","New York",75,"2020-04-05",4.32696685749085,48.0343658201287,0.157301207318295,5.34283526382529,4.40649625248826
36067,"Onondaga","New York",75,"2020-04-05",5.61573159653347,38.349198474247,0.154476984408831,6.74304418672674,4.48705794725702
36071,"Orange","New York",75,"2020-04-05",7.6724919568763,23.5466272621673,0.149967126172041,8.76608432455592,4.62199415467075
36079,"Putnam","New York",75,"2020-04-05",5.44981145954673,31.912929040913,0.127438673694166,6.3830298922516,5.43906461411705
36083,"Rensselaer","New York",75,"2020-04-05",4.14086457785699,39.0644624914519,0.122030661888528,5.23945206070784,5.68010670296223
36087,"Rockland","New York",75,"2020-04-05",8.25653318815597,17.8083016098383,0.144573256196085,9.28040285702264,4.79443569853494
36091,"Saratoga","New York",75,"2020-04-05",4.84306159393686,32.8001990618911,0.118609493284369,5.83556345896094,5.84394352733729
36093,"Schenectady","New York",75,"2020-04-05",4.61228765375696,33.5255886153053,0.119283874022893,5.78221558094581,5.81090433420126
36103,"Suffolk","New York",75,"2020-04-05",9.12493808931002,12.2300880266929,0.145133356592492,10.1259415138487,4.77593295458727
36105,"Sullivan","New York",75,"2020-04-05",5.02950377840064,38.7127231932965,0.138258817865425,5.98484771990823,5.01340306001044
36109,"Tompkins","New York",75,"2020-04-05",4.37485814519527,41.1421979929178,0.126849469571651,5.1827905124619,5.46432856913464
36111,"Ulster","New York",75,"2020-04-05",5.55295958492162,32.7380047701626,0.132198297758943,6.51235191359369,5.24323831933043
36119,"Westchester","New York",75,"2020-04-05",9.35250935299629,3.69811325081622,0.133444557070959,10.4489605950652,5.19427090751529
37025,"Cabarrus","North Carolina",75,"2020-04-05",3.96759285658296,47.3478245547406,0.147000343664076,5.093881699161,4.7152759189728
37063,"Durham","North Carolina",75,"2020-04-05",4.98848706087325,35.9443415153068,0.131096817732948,6.03775026593875,5.28729219020346
37067,"Forsyth","North Carolina",75,"2020-04-05",4.07024701064304,48.741856303204,0.154098313959947,5.12502386911389,4.49808413049937
37081,"Guilford","North Carolina",75,"2020-04-05",4.25053397873921,46.4708010761859,0.150208516283461,5.33678825508606,4.61456645541918
37119,"Mecklenburg","North Carolina",75,"2020-04-05",6.24388946967292,28.8013997875944,0.136506542014084,7.26195695498521,5.0777579618743
37135,"Orange","North Carolina",75,"2020-04-05",3.71357206670431,42.0318274390183,0.118986549574611,4.75567494583384,5.82542466386343
37179,"Union","North Carolina",75,"2020-04-05",3.98367899433458,43.7112215589804,0.129926262003716,4.97471785953016,5.33492744169088
37183,"Wake","North Carolina",75,"2020-04-05",5.45165138646874,34.5113469912226,0.136078927365585,6.46220496347089,5.09371431696959
38015,"Burleigh","North Dakota",75,"2020-04-05",3.47462485021697,37.3839019734871,0.102754563353826,4.58450767126583,6.74565837210709
39017,"Butler","Ohio",75,"2020-04-05",3.84710345932883,46.501694274599,0.141772064717996,5.03266809668077,4.8891661551146
39035,"Cuyahoga","Ohio",75,"2020-04-05",6.50064596276148,32.6915009834326,0.157013989158274,7.74212412999806,4.41455684474864
39041,"Delaware","Ohio",75,"2020-04-05",3.9810158769151,46.9859847129613,0.143670035803442,5.0304648299111,4.82457721043695
39049,"Franklin","Ohio",75,"2020-04-05",6.09163303606338,36.4379098428878,0.158815204718731,7.23595267571507,4.36448878926636
39061,"Hamilton","Ohio",75,"2020-04-05",5.2868229871223,43.3294029752982,0.164727162583162,6.370097723276,4.20784993616345
39085,"Lake","Ohio",75,"2020-04-05",4.08957128346944,47.1220457174808,0.148422344457889,5.17666774450658,4.67009993065166
39093,"Lorain","Ohio",75,"2020-04-05",4.52334016774046,42.0593047092716,0.143554375418745,5.73366156625093,4.82846432606494
39095,"Lucas","Ohio",75,"2020-04-05",5.32021863050114,45.1855714273726,0.176491263320881,6.49742500721933,3.92737389668817
39099,"Mahoning","Ohio",75,"2020-04-05",5.26416947911547,42.5666675331807,0.162480027474608,6.40712894262415,4.26604544160524
39103,"Medina","Ohio",75,"2020-04-05",4.17218704898604,43.173640507853,0.138797348850241,5.38899576301641,4.99395115469988
39109,"Miami","Ohio",75,"2020-04-05",4.1155467698727,43.8605421765499,0.135570799025734,5.1705967715334,5.11280589582108
39151,"Stark","Ohio",75,"2020-04-05",4.21529717263976,49.6245180818297,0.16155841750006,5.2305316245014,4.29038109734943
39153,"Summit","Ohio",75,"2020-04-05",5.03973166858389,41.6277236246451,0.15441975009146,6.23427682850567,4.48872103567974
39155,"Trumbull","Ohio",75,"2020-04-05",4.19397440317094,49.4574483562604,0.160757234575378,5.23145060827402,4.31176352585818
40027,"Cleveland","Oklahoma",75,"2020-04-05",4.74244456489145,45.3043010129595,0.157699973631922,5.78691076266123,4.39535381393137
40109,"Oklahoma","Oklahoma",75,"2020-04-05",5.33685103055028,41.4147453721091,0.161777876449394,6.56579630885815,4.28456100285609
40143,"Tulsa","Oklahoma",75,"2020-04-05",5.01063529409626,46.7161411130902,0.174456270463624,6.15549042897509,3.97318582311704
41005,"Clackamas","Oregon",75,"2020-04-05",4.12943588203337,41.6902375132817,0.126604260071445,5.10338765328666,5.47491198296795
41043,"Linn","Oregon",75,"2020-04-05",3.64507683145554,38.2277327251542,0.108205672282924,4.73640760782254,6.40583035931406
41047,"Marion","Oregon",75,"2020-04-05",5.0955015147395,34.6986338036647,0.131827259304374,6.23560946701546,5.25799583650258
41051,"Multnomah","Oregon",75,"2020-04-05",5.08140436498446,37.5423570049039,0.134710491947812,5.98891095870961,5.14545801546382
41067,"Washington","Oregon",75,"2020-04-05",5.35927806633773,28.8021995869194,0.118177812271972,6.28679967049888,5.86529033863607
42003,"Allegheny","Pennsylvania",75,"2020-04-05",6.06809484572415,38.7778198052955,0.169976807092854,7.34676818508786,4.07789269850973
42011,"Berks","Pennsylvania",75,"2020-04-05",5.16315198663186,50.5203357089733,0.205570502448203,6.47129040520711,3.3718221841414
42017,"Bucks","Pennsylvania",75,"2020-04-05",6.03240082081241,37.5039001645272,0.161576996195079,7.18954615381205,4.28988777414254
42019,"Butler","Pennsylvania",75,"2020-04-05",4.24440525679783,47.6017793023257,0.158745722042069,5.46057038161476,4.36639911704994
42029,"Chester","Pennsylvania",75,"2020-04-05",5.32856940971856,39.9664079797312,0.159745185905167,6.71466397153977,4.33908024603279
42045,"Delaware","Pennsylvania",75,"2020-04-05",6.17586727010576,39.819347227497,0.178081063851171,7.5115755196642,3.89231266688317
42069,"Lackawanna","Pennsylvania",75,"2020-04-05",4.70048036579242,50.3138357661729,0.193337360717489,6.12611936422903,3.58516935365014
42071,"Lancaster","Pennsylvania",75,"2020-04-05",5.34982492369397,49.729048700206,0.205841853665702,6.64271243510521,3.36737727637088
42077,"Lehigh","Pennsylvania",75,"2020-04-05",6.24859536071033,47.234668444855,0.214611707962642,7.46104718293719,3.22977337602012
42079,"Luzerne","Pennsylvania",75,"2020-04-05",6.02690063506609,48.5541358416431,0.219216004795364,7.33186871772347,3.16193692703683
42089,"Monroe","Pennsylvania",75,"2020-04-05",5.84808894044868,45.2132641460694,0.191035299724182,7.02756510972992,3.62837225141488
42091,"Montgomery","Pennsylvania",75,"2020-04-05",6.65966015297834,32.2817072269579,0.157918627453228,7.85144455403657,4.38926801567623
42095,"Northampton","Pennsylvania",75,"2020-04-05",5.99467367804893,45.5180698753799,0.199362051772416,7.27311244226216,3.47682607797003
42101,"Philadelphia","Pennsylvania",75,"2020-04-05",7.58259300262624,37.4701738139076,0.202681640267748,9.02537821223493,3.41988144384602
42103,"Pike","Pennsylvania",75,"2020-04-05",4.28062652023215,52.3326701204759,0.181306230786322,5.37887175795095,3.82307424049233
42129,"Westmoreland","Pennsylvania",75,"2020-04-05",4.55237200042112,48.7429454329698,0.175429615147275,5.83427228362604,3.95114120257312
42133,"York","Pennsylvania",75,"2020-04-05",4.61228765375696,50.8625274749953,0.192498697027714,5.99392288979965,3.60078894695144
45007,"Anderson","South Carolina",75,"2020-04-05",3.9756682705885,48.2056462541624,0.150625680688697,5.09029753640139,4.60178621195742
45013,"Beaufort","South Carolina",75,"2020-04-05",4.77671964580014,44.8391085965061,0.157652275330733,5.85849908307909,4.39668364510323
45019,"Charleston","South Carolina",75,"2020-04-05",5.35456266521249,40.9405026680785,0.158538038827095,6.50949218222916,4.37211905538902
45045,"Greenville","South Carolina",75,"2020-04-05",4.98164775722301,44.0621973874142,0.162318073831239,6.15799104546466,4.27030190908135
45051,"Horry","South Carolina",75,"2020-04-05",3.88008995832514,47.7838556924831,0.146452566565382,5.01104215180734,4.73291248365044
45055,"Kershaw","South Carolina",75,"2020-04-05",4.82717022660022,36.6897102094928,0.129357083340238,5.86120693260096,5.35840143161557
45063,"Lexington","South Carolina",75,"2020-04-05",4.30019661642625,47.9554106293634,0.157297813667761,5.35513947521784,4.40659132124993
45079,"Richland","South Carolina",75,"2020-04-05",5.31461244903454,41.7112991821333,0.16001729727824,6.44688901572664,4.33170158695215
45091,"York","South Carolina",75,"2020-04-05",4.20682254564879,48.3073364015398,0.159340146341129,5.36859394840107,4.35011010392821
47037,"Davidson","Tennessee",75,"2020-04-05",6.57726511403847,31.7808675810983,0.154223580814698,7.74497442705053,4.49443059808584
47065,"Hamilton","Tennessee",75,"2020-04-05",4.08477511120595,47.4635414168146,0.15009216155539,5.1836517212185,4.61814376831495
47093,"Knox","Tennessee",75,"2020-04-05",4.45101950616083,48.0784145372486,0.166381996604197,5.64394111727246,4.16599869401052
47147,"Robertson","Tennessee",75,"2020-04-05",3.72741311811618,47.2388578184946,0.139206278674337,4.83896924555689,4.97928101491395
47149,"Rutherford","Tennessee",75,"2020-04-05",4.64301632847821,47.1950618549987,0.166294882550839,5.78788310101221,4.16818106442957
47157,"Shelby","Tennessee",75,"2020-04-05",6.35461845714442,34.7649154869613,0.161510493878614,7.62896182809896,4.29165414527734
47165,"Sumner","Tennessee",75,"2020-04-05",5.49364916007801,41.327251519519,0.16102171268124,6.54919561978035,4.30468145579911
47187,"Williamson","Tennessee",75,"2020-04-05",5.21415905854081,38.2234804712348,0.142391247887322,6.23339324386459,4.86790579367949
48027,"Bell","Texas",75,"2020-04-05",3.80348283685294,46.7278815802127,0.142202739484747,5.01579186672415,4.87435884197079
48029,"Bexar","Texas",75,"2020-04-05",5.65748919068535,39.9173778972715,0.161250454053372,6.78584192182142,4.2985750621857
48039,"Brazoria","Texas",75,"2020-04-05",4.69134788222914,42.4000739337005,0.143705659379599,5.69073348674095,4.82338123322612
48041,"Brazos","Texas",75,"2020-04-05",4.14086457785699,42.1530304681706,0.12796562308998,5.09904228438798,5.41666710029268
48085,"Collin","Texas",75,"2020-04-05",5.34982492369397,33.1691376160921,0.129517994436035,6.32447536254579,5.35174423892326
48113,"Dallas","Texas",75,"2020-04-05",6.71797742151173,32.6045131790478,0.160349210188226,7.92052729860261,4.32273523359606
48121,"Denton","Texas",75,"2020-04-05",5.51974516107875,32.0261929417496,0.130091431497404,6.50116409758287,5.32815399585926
48141,"El Paso","Texas",75,"2020-04-05",4.25864761351338,48.8968484079935,0.165251625840005,5.47034962100721,4.19449537659039
48157,"Fort Bend","Texas",75,"2020-04-05",5.277385530507,35.2899021445905,0.134552584856789,6.2849644053589,5.15149657881115
48167,"Galveston","Texas",75,"2020-04-05",5.06980227143192,43.8731175086797,0.159883783640978,6.09587023114725,4.3353188470722
48201,"Harris","Texas",75,"2020-04-05",6.86395265632374,33.500305358499,0.165327145334978,8.01831606469748,4.19257938044913
48303,"Lubbock","Texas",75,"2020-04-05",4.66343909411207,46.9918061573779,0.162683257599038,5.69524701697634,4.26071613508214
48309,"McLennan","Texas",75,"2020-04-05",3.83483336673702,42.8701935505832,0.13221911448797,5.17370835882756,5.24241281787596
48339,"Montgomery","Texas",75,"2020-04-05",4.68477323658706,43.7960776170076,0.147339373007637,5.62894197034254,4.7044260227985
48423,"Smith","Texas",75,"2020-04-05",3.8255309740747,45.1669613191199,0.134720017829238,4.96214762779318,5.14509418666001
48439,"Tarrant","Texas",75,"2020-04-05",5.70235288184661,40.3953527374769,0.164286703012635,6.83509032876357,4.2191313590768
48453,"Travis","Texas",75,"2020-04-05",5.75121116822731,29.9026584815409,0.127272352773854,6.63055122831725,5.44617244399951
48491,"Williamson","Texas",75,"2020-04-05",4.06535702534885,43.8113372130442,0.136130794198153,5.19865299455374,5.09177357439783
49011,"Davis","Utah",75,"2020-04-05",4.68477323658706,41.6588425399695,0.14343147951871,5.7861918999894,4.83260148250461
49035,"Salt Lake","Utah",75,"2020-04-05",6.24582987222214,31.1255214995546,0.143466036360065,7.29875978234423,4.83143744781737
49043,"Summit","Utah",75,"2020-04-05",5.3306462536634,29.8881508238637,0.120652117323845,6.28740494076172,5.74500635326153
49049,"Utah","Utah",75,"2020-04-05",4.8283137373023,47.8591262715997,0.165736431892564,5.65838659343963,4.18222579456319
49051,"Wasatch","Utah",75,"2020-04-05",4.1155467698727,42.8263537463101,0.125262055116991,4.90697143616321,5.53357662791471
49057,"Weber","Utah",75,"2020-04-05",3.92338676407846,49.9502587826112,0.155934807598361,4.99767023031078,4.44510876843659
50007,"Chittenden","Vermont",75,"2020-04-05",5.25526073422637,35.6371503097026,0.134342746763523,6.2285125751789,5.15954301410897
51013,"Arlington","Virginia",75,"2020-04-05",4.85981240436167,39.5041127515089,0.139446629884616,5.92590826075869,4.97069869048457
51059,"Fairfax","Virginia",75,"2020-04-05",5.78162496142013,37.3235366929473,0.155110088772264,6.92977018958773,4.46874336831591
51087,"Henrico","Virginia",75,"2020-04-05",4.67549550270882,50.1055999828092,0.175266052029709,5.5900055728693,3.95482851660544
51095,"James City","Virginia",75,"2020-04-05",4.58496747867057,38.4246103389875,0.12929514313293,5.63408624329381,5.36096843055668
51107,"Loudoun","Virginia",75,"2020-04-05",4.76461296039711,44.893443495145,0.157167584826207,5.83194786708522,4.41024261667198
51153,"Prince William","Virginia",75,"2020-04-05",4.81218435537242,44.1216220985757,0.157312325704397,5.9587357215831,4.40618481391233
51810,"Virginia Beach city","Virginia",75,"2020-04-05",4.70566172453442,48.7759779001915,0.17688951667769,5.87698121132401,3.91853171164987
53005,"Benton","Washington",75,"2020-04-05",4.85203026391962,40.6048527984047,0.141649651214511,5.86360816307931,4.89339136818812
53011,"Clark","Washington",75,"2020-04-05",4.86312915698766,35.5413814837929,0.124489519894567,5.78361111404747,5.56791592695503
53025,"Grant","Washington",75,"2020-04-05",4.29825675160842,39.2699535825957,0.126964324684136,5.42519148710753,5.45938540046085
53029,"Island","Washington",75,"2020-04-05",4.76095218754743,29.4218993509323,0.107095471292403,5.63087646867128,6.47223614775873
53033,"King","Washington",75,"2020-04-05",7.88919149061435,0.167422563821968,0.10733074068676,8.78315114853165,6.45804898135254
53035,"Kitsap","Washington",75,"2020-04-05",4.41193211745279,37.3840890219954,0.118368368677344,5.28111259951999,5.85584804711951
53053,"Pierce","Washington",75,"2020-04-05",6.22285967461996,26.5280988022179,0.128736165456057,7.14123985075972,5.38424597396095
53057,"Skagit","Washington",75,"2020-04-05",4.9416424226093,31.100456322841,0.114878416198142,5.84725896284021,6.03374596812341
53061,"Snohomish","Washington",75,"2020-04-05",7.21754823702074,8.44751210340911,0.110331952650703,8.11518961194807,6.28237934621135
53063,"Spokane","Washington",75,"2020-04-05",5.17129535410903,35.3497463318413,0.132992115939844,6.2041159444589,5.21194189340873
53067,"Thurston","Washington",75,"2020-04-05",4.00992722040952,41.5018369815134,0.120752522157885,4.89025532724345,5.74022942273328
53073,"Whatcom","Washington",75,"2020-04-05",5.10681090017701,30.9917413887699,0.11725039712124,5.98073857862966,5.91168300985122
53077,"Yakima","Washington",75,"2020-04-05",5.46322629486481,39.5455379794196,0.152195977048048,6.46139832727149,4.55430684834146
54061,"Monongalia","West Virginia",75,"2020-04-05",3.60704943586631,43.1583274907332,0.118157321766154,4.58942799661302,5.86630748056187
55025,"Dane","Wisconsin",75,"2020-04-05",5.42306025313948,28.0102186080068,0.118252473278971,6.38442518139414,5.86158717310491
55059,"Kenosha","Wisconsin",75,"2020-04-05",4.18531634042783,48.2223310293836,0.152877518126238,5.16384620031746,4.53400335808424
55079,"Milwaukee","Wisconsin",75,"2020-04-05",6.77959717942913,26.7639326128905,0.142944207274823,7.89567586562906,4.84907499068717
55089,"Ozaukee","Wisconsin",75,"2020-04-05",3.85620822632175,38.9736087029056,0.111508704433857,4.79781715000317,6.21608137301153
55131,"Washington","Wisconsin",75,"2020-04-05",3.84710345932883,39.6451031809834,0.113598113449484,4.81143637398783,6.10174904769155
55133,"Waukesha","Wisconsin",75,"2020-04-05",4.80519131988145,35.8834352710382,0.12566853877612,5.795401302863,5.51567788812117
