"fips","State_FIPS_Code","county","state","datetime","log_rolled_cases.x","shifted_time","log_rolled_cases.y","LAT","LON","AREA_SQMI","E_TOTPOP","E_HU","E_HH","E_POV","E_UNEMP","E_PCI","E_NOHSDP","E_AGE65","E_AGE17","E_DISABL","E_SNGPNT","E_MINRTY","E_LIMENG","E_MUNIT","E_MOBILE","E_CROWD","E_NOVEH","E_GROUPQ","EP_POV","MP_POV","EP_UNEMP","MP_UNEMP","EP_PCI","MP_PCI","EP_NOHSDP","MP_NOHSDP","EP_AGE65","MP_AGE65","EP_AGE17","MP_AGE17","EP_DISABL","MP_DISABL","EP_SNGPNT","MP_SNGPNT","EP_MINRTY","MP_MINRTY","EP_LIMENG","MP_LIMENG","EP_MUNIT","MP_MUNIT","EP_MOBILE","MP_MOBILE","EP_CROWD","MP_CROWD","EP_NOVEH","MP_NOVEH","EP_GROUPQ","MP_GROUPQ","EPL_POV","EPL_UNEMP","EPL_PCI","EPL_NOHSDP","SPL_THEME1","RPL_THEME1","EPL_AGE65","EPL_AGE17","EPL_DISABL","EPL_SNGPNT","SPL_THEME2","RPL_THEME2","EPL_MINRTY","EPL_LIMENG","SPL_THEME3","RPL_THEME3","EPL_MUNIT","EPL_MOBILE","EPL_CROWD","EPL_NOVEH","EPL_GROUPQ","SPL_THEME4","RPL_THEME4","SPL_THEMES","RPL_THEMES","F_POV","F_UNEMP","F_PCI","F_NOHSDP","F_THEME1","F_AGE65","F_AGE17","F_DISABL","F_SNGPNT","F_THEME2","F_MINRTY","F_LIMENG","F_THEME3","F_MUNIT","F_MOBILE","F_CROWD","F_NOVEH","F_GROUPQ","F_THEME4","F_TOTAL","E_UNINSUR","EP_UNINSUR","MP_UNINSUR","E_DAYPOP","State_of_emergency","Date_closed_K.12_schools","Closed_day_cares","Date_banned_visitors_to_nursing_homes","Closed_non.essential_businesses","Closed_restaurants_except_take_out","Closed_gyms","Closed_movie_theaters","Closed_Bars","Stay_at_home._shelter_in_place","Religious_Gatherings_Exempt_Without_Clear_Social_Distance_Mandate.","End.relax_stay_at_home.shelter_in_place","Began_to_reopen_businesses_statewide","Reopen_restaurants","Initially_reopen_restaurants_for_outdoor_dining_only","Reopened_gyms","Reopened_movie_theaters","Reopened_hair_salons.barber_shops","Reopen_non.essential_construction","Reopen_Religious_gatherings","Reopen_non.essential_retail","Reopen_bars","Reopen_Childcare","Resumed_elective_medical_procedures","Begin_to_Re.Close_Bars","Re.Close_Bars_.statewide.","Re.Close_Movie_Theaters_.statewide.","Re.Close_Gyms_.statewide.","Re.Close_Indoor_Dining_.Statewide.","Mandate_face_mask_use_by_all_individuals_in_public_spaces","Face_mask_mandate_enforced_by_fines","Face_mask_mandate_enforced_by_criminal_charge.citation","No_legal_enforcement_of_face_mask_mandate","Mandate_face_mask_use_by_employees_in_public.facing_businesses","Mandate_quarantine_for_those_entering_the_state_from_specific_states","Mandate_quarantine_for_all_individuals_entering_the_state_from_another_state","Date_all_mandated_quarantines_ended","Alcohol.Liquor_Stores_Open","Allow_restaurants_to_sell_takeout_alcohol","Allow_restaurants_to_deliver_alcohol","Keep_Firearms_Sellers_Open","Stop_Initiation_of_Evictions_overall_or_due_to_COVID_related_issues","Stop_enforcement_of_evictions_overall_or_due_to_COVID_related_issues","Renter_grace_period_or_use_of_security_deposit_to_pay_rent","Order_freezing_utility_shut_offs","Froze_mortgage_payments","Lift_Eviction_Moratorium","Prior_to_pandemic._no_state_unemployment_waiting_period._or_date_waiting_period_waived_not_found","Waived_one_week_waiting_period_for_unemployment_insurance","Waive_work_search_requirement_for_unemployment_insurance","Expand_eligibility_of_unemployment_insurance_to_anyonewho_is_quarantined_and.or_taking_care_of_someone_who_is_quarantined","Expand_eligibility_to_high.risk_individuals_in_preventative_quarantine","Expand_eligibility_of_unemployment_insurance_to_those_who_have_lost_childcare.school_closures","Extend_the_amount_of_time_an_individual_can_be_on_unemployment_insurance","Weekly_unemployment_insurance_maximum_amount_.dollars.","Weekly_unemployment_insurance_maximum_amount_with_extra_stimulus_.through_July_21._2020._.dollars.","Unemployment_insurance_maximum_duration_.weeks.","Unemployment_insurance_maximum_duration_with_Pandemic_Emergency_Unemployment_Compensation_CARES_extension_.weeks.","SNAP_Waiver.Emergency_Allotments_to_Current_SNAP_Households","SNAP_Waiver.Pandemic_EBT","SNAP_Waiver.Temporary_Suspension_of_Claims_Collection","X2020_Q1_SNAP_ABAWD_Time_Limit_Waiver","Modify_Medicaid_requirements_with_1135_waivers_.date_of_CMS_approval.","Reopened_ACA_enrollment_using_a_special_enrollment_period","State_previously_allowed_audio.only_telehealth","Allow_audio.only_telehealth","Allow.expand_Medicaid_telehealth_coverage","State_had_CHIP_premium_non.payment_lock.out_period_as_of_January_2019","Supend_CHIP_premium_non.payment_lock.outs","Suspended_elective_medical.dental_procedures","Made_Effort_to_Limit_Abortion_Access","Stopped_personal_visitation_in_state_prisons","Stopped_in.person_attorney_visits_in_state_prisons","Does_not_charge_copays_for_incarcerated_individuals","Waived_COVID.respiratory_illness.related_copays_during_pandemic_for_incarcerated_individuals","Waived_all_copays_during_pandemic_for_incarcerated_individuals","Did_not_waive_copays_for_incarcerated_individuals","Use_of_telemedicine.telephone_evaluations_to_initiate_buprenorphine_prescribing","Patients_can_receive_14.28_take.home_doses_of_opioid_medication","Home_delivery_of_take.home_medication_by_opioid_treatment_programs","Use_of_telemedicine_for_schedule_II.V_prescriptions","Exceptions_to_emergency_oral_prescriptions","Waive_requirement_to_obtain_separate_DEA_registration_to_dispense_outside_home_state","Paid_sick_leave","Medicaid_Expansion","Population_density_per_square_miles","Population_2018","Square_Miles","Number_Homeless_.2019.","Percent_Unemployed_.2018.","Percent_living_under_the_federal_poverty_line_.2018.","Percent_at_risk_for_serious_illness_due_to_COVID","All.cause_deaths_2018","cutoff","t0.lm","r.lm","shifted_log_rolled_cases"
6001,6,"Alameda","California","2020-03-22",4.22787595484662,0,4.22787595484662,37.647139,-121.912488,737.299612,1643700,601942,572870,170884,45110,44283,139234,215917,344513,153134,40874,1120309,130524,129403,7220,44166,54816,32288,10.6,0.3,5.1,0.2,44283,341,12,0.2,13.1,0,21,0,9.4,0.1,7.1,0.2,68.2,0,8.4,0.2,21.5,0.3,1.2,0.1,7.7,0.3,9.6,0.2,2,0.1,0.2239,0.4303,0.0194,0.4925,1.1661,0.2548,0.1079,0.3216,0.0423,0.3123,0.7841,0.0239,0.9618,0.9663,1.9281,0.9806,0.9819,0.0443,0.9736,0.8892,0.4995,3.3885,0.916,7.2668,0.4701,0,0,0,0,0,0,0,0,0,0,1,1,2,1,0,1,0,0,2,4,83911,5.1,0.1,1480381,20,0,0,0,5,5,5,5,8,5,0,0,0,0,0,0,0,0,0,0,0,0,0,0,0,0,0,0,0,0,0,0,1,0,0,0,0,1,5,5,0,0,0,0,0,0,0,0,12,1,1,0,0,0,450,1050,26,39,0,0,0,1,1,4,0,0,6,0,0,5,0,13,0,1,0,0,0,0,0,0,0,0,0,1,1,241.65,39557045,163695,151278,5.5,12.8,33.3,268818,62,38.2435178383756,0.185787764770442,0
6001,6,"Alameda","California","2020-03-23",4.41366371961706,1,4.22787595484662,37.647139,-121.912488,737.299612,1643700,601942,572870,170884,45110,44283,139234,215917,344513,153134,40874,1120309,130524,129403,7220,44166,54816,32288,10.6,0.3,5.1,0.2,44283,341,12,0.2,13.1,0,21,0,9.4,0.1,7.1,0.2,68.2,0,8.4,0.2,21.5,0.3,1.2,0.1,7.7,0.3,9.6,0.2,2,0.1,0.2239,0.4303,0.0194,0.4925,1.1661,0.2548,0.1079,0.3216,0.0423,0.3123,0.7841,0.0239,0.9618,0.9663,1.9281,0.9806,0.9819,0.0443,0.9736,0.8892,0.4995,3.3885,0.916,7.2668,0.4701,0,0,0,0,0,0,0,0,0,0,1,1,2,1,0,1,0,0,2,4,83911,5.1,0.1,1480381,20,0,0,0,5,5,5,5,8,5,0,0,0,0,0,0,0,0,0,0,0,0,0,0,0,0,0,0,0,0,0,0,1,0,0,0,0,1,5,5,0,0,0,0,0,0,0,0,12,1,1,0,0,0,450,1050,26,39,0,0,0,1,1,4,0,0,6,0,0,5,0,13,0,1,0,0,0,0,0,0,0,0,0,1,1,241.65,39557045,163695,151278,5.5,12.8,33.3,268818,62,38.2435178383756,0.185787764770442,0.18578776477044
6013,6,"Contra Costa","California","2020-03-22",3.78743112784243,0,3.78743112784243,37.919479,-121.951543,717.0813939,1133247,411338,392277,102543,35563,45524,82574,169782,261300,126742,31873,630296,69152,51040,6959,18938,21438,10038,9.1,0.4,6.1,0.3,45524,462,10.6,0.3,15,0,23.1,0,11.2,0.2,8.1,0.3,55.6,0.1,6.5,0.2,12.4,0.4,1.7,0.1,4.8,0.2,5.5,0.3,0.9,0.1,0.1341,0.6032,0.0146,0.3935,1.1454,0.2478,0.2114,0.6049,0.1302,0.49,1.4365,0.141,0.9064,0.9436,1.85,0.9564,0.9191,0.0646,0.9156,0.4677,0.1165,2.4835,0.4795,6.9154,0.4057,0,0,0,0,0,0,0,0,0,0,1,1,2,1,0,1,0,0,2,4,64189,5.7,0.2,890420,20,0,0,0,5,5,5,5,8,5,0,0,0,0,0,0,0,0,0,0,0,0,0,0,0,0,0,0,0,0,0,0,1,0,0,0,0,1,5,5,0,0,0,0,0,0,0,0,12,1,1,0,0,0,450,1050,26,39,0,0,0,1,1,4,0,0,6,0,0,5,0,13,0,1,0,0,0,0,0,0,0,0,0,1,1,241.65,39557045,163695,151278,5.5,12.8,33.3,268818,62,27.5118045097246,0.113097498159979,0
6013,6,"Contra Costa","California","2020-03-23",3.90052862600241,1,3.78743112784243,37.919479,-121.951543,717.0813939,1133247,411338,392277,102543,35563,45524,82574,169782,261300,126742,31873,630296,69152,51040,6959,18938,21438,10038,9.1,0.4,6.1,0.3,45524,462,10.6,0.3,15,0,23.1,0,11.2,0.2,8.1,0.3,55.6,0.1,6.5,0.2,12.4,0.4,1.7,0.1,4.8,0.2,5.5,0.3,0.9,0.1,0.1341,0.6032,0.0146,0.3935,1.1454,0.2478,0.2114,0.6049,0.1302,0.49,1.4365,0.141,0.9064,0.9436,1.85,0.9564,0.9191,0.0646,0.9156,0.4677,0.1165,2.4835,0.4795,6.9154,0.4057,0,0,0,0,0,0,0,0,0,0,1,1,2,1,0,1,0,0,2,4,64189,5.7,0.2,890420,20,0,0,0,5,5,5,5,8,5,0,0,0,0,0,0,0,0,0,0,0,0,0,0,0,0,0,0,0,0,0,0,1,0,0,0,0,1,5,5,0,0,0,0,0,0,0,0,12,1,1,0,0,0,450,1050,26,39,0,0,0,1,1,4,0,0,6,0,0,5,0,13,0,1,0,0,0,0,0,0,0,0,0,1,1,241.65,39557045,163695,151278,5.5,12.8,33.3,268818,62,27.5118045097246,0.113097498159979,0.113097498159979
6037,6,"Los Angeles","California","2020-03-22",5.50184113099259,0,5.50184113099259,34.196398,-118.261862,4058.1913941,10098052,3524321,3306109,1589956,357178,32469,1460718,1299277,2246521,993035,309423,7439000,1297024,943920,56280,378286,298364,177480,16,0.2,6.8,0.1,32469,137,21.3,0.1,12.9,0,22.2,0,9.9,0.1,9.4,0.1,73.7,0,13.7,0.1,26.8,0.1,1.6,0.1,11.4,0.1,9,0.1,1.8,0,0.5831,0.7092,0.1586,0.8844,2.3353,0.6159,0.099,0.4756,0.0592,0.6972,1.331,0.1047,0.9739,0.9892,1.9631,0.9933,0.9901,0.0608,0.9917,0.8571,0.4448,3.3445,0.9045,8.9739,0.7682,0,0,0,0,0,0,0,0,0,0,1,1,2,1,0,1,0,0,2,4,1086657,10.8,0.1,8152241,20,0,0,0,5,5,5,5,8,5,0,0,0,0,0,0,0,0,0,0,0,0,0,0,0,0,0,0,0,0,0,0,1,0,0,0,0,1,5,5,0,0,0,0,0,0,0,0,12,1,1,0,0,0,450,1050,26,39,0,0,0,1,1,4,0,0,6,0,0,5,0,13,0,1,0,0,0,0,0,0,0,0,0,1,1,241.65,39557045,163695,151278,5.5,12.8,33.3,268818,62,36.9939771481817,0.229185865770175,0
6037,6,"Los Angeles","California","2020-03-23",5.73102699676277,1,5.50184113099259,34.196398,-118.261862,4058.1913941,10098052,3524321,3306109,1589956,357178,32469,1460718,1299277,2246521,993035,309423,7439000,1297024,943920,56280,378286,298364,177480,16,0.2,6.8,0.1,32469,137,21.3,0.1,12.9,0,22.2,0,9.9,0.1,9.4,0.1,73.7,0,13.7,0.1,26.8,0.1,1.6,0.1,11.4,0.1,9,0.1,1.8,0,0.5831,0.7092,0.1586,0.8844,2.3353,0.6159,0.099,0.4756,0.0592,0.6972,1.331,0.1047,0.9739,0.9892,1.9631,0.9933,0.9901,0.0608,0.9917,0.8571,0.4448,3.3445,0.9045,8.9739,0.7682,0,0,0,0,0,0,0,0,0,0,1,1,2,1,0,1,0,0,2,4,1086657,10.8,0.1,8152241,20,0,0,0,5,5,5,5,8,5,0,0,0,0,0,0,0,0,0,0,0,0,0,0,0,0,0,0,0,0,0,0,1,0,0,0,0,1,5,5,0,0,0,0,0,0,0,0,12,1,1,0,0,0,450,1050,26,39,0,0,0,1,1,4,0,0,6,0,0,5,0,13,0,1,0,0,0,0,0,0,0,0,0,1,1,241.65,39557045,163695,151278,5.5,12.8,33.3,268818,62,36.9939771481817,0.229185865770175,0.229185865770172
6067,6,"Sacramento","California","2020-03-22",3.74106520728451,0,3.74106520728451,38.450016,-121.340441,965.444539,1510023,567220,536029,235982,54551,31311,127852,202207,362761,181448,54489,827523,92841,74373,13311,26304,37651,24421,15.8,0.4,7.4,0.2,31311,252,12.6,0.3,13.4,0,24,0,12.1,0.2,10.2,0.3,54.8,0.1,6.6,0.2,13.1,0.3,2.3,0.1,4.9,0.2,7,0.2,1.6,0.1,0.5675,0.779,0.2003,0.5269,2.0737,0.5338,0.1238,0.7262,0.192,0.7905,1.8325,0.3563,0.9013,0.9443,1.8456,0.9535,0.9261,0.0866,0.9198,0.6829,0.3792,2.9946,0.7603,8.7464,0.7338,0,0,0,0,0,0,0,0,0,0,1,1,2,1,0,1,0,0,2,4,94295,6.3,0.2,1300701,20,0,0,0,5,5,5,5,8,5,0,0,0,0,0,0,0,0,0,0,0,0,0,0,0,0,0,0,0,0,0,0,1,0,0,0,0,1,5,5,0,0,0,0,0,0,0,0,12,1,1,0,0,0,450,1050,26,39,0,0,0,1,1,4,0,0,6,0,0,5,0,13,0,1,0,0,0,0,0,0,0,0,0,1,1,241.65,39557045,163695,151278,5.5,12.8,33.3,268818,62,38.3580443118708,0.165227123434655,0
6067,6,"Sacramento","California","2020-03-23",3.90629233071916,1,3.74106520728451,38.450016,-121.340441,965.444539,1510023,567220,536029,235982,54551,31311,127852,202207,362761,181448,54489,827523,92841,74373,13311,26304,37651,24421,15.8,0.4,7.4,0.2,31311,252,12.6,0.3,13.4,0,24,0,12.1,0.2,10.2,0.3,54.8,0.1,6.6,0.2,13.1,0.3,2.3,0.1,4.9,0.2,7,0.2,1.6,0.1,0.5675,0.779,0.2003,0.5269,2.0737,0.5338,0.1238,0.7262,0.192,0.7905,1.8325,0.3563,0.9013,0.9443,1.8456,0.9535,0.9261,0.0866,0.9198,0.6829,0.3792,2.9946,0.7603,8.7464,0.7338,0,0,0,0,0,0,0,0,0,0,1,1,2,1,0,1,0,0,2,4,94295,6.3,0.2,1300701,20,0,0,0,5,5,5,5,8,5,0,0,0,0,0,0,0,0,0,0,0,0,0,0,0,0,0,0,0,0,0,0,1,0,0,0,0,1,5,5,0,0,0,0,0,0,0,0,12,1,1,0,0,0,450,1050,26,39,0,0,0,1,1,4,0,0,6,0,0,5,0,13,0,1,0,0,0,0,0,0,0,0,0,1,1,241.65,39557045,163695,151278,5.5,12.8,33.3,268818,62,38.3580443118708,0.165227123434655,0.165227123434655
6073,6,"San Diego","California","2020-03-23",4.92621795228367,1,4.72738781871234,33.023604,-116.776117,4208.7625312,3302833,1204884,1118980,403190,106962,36156,286008,439595,726344,314897,92411,1787453,216965,255366,42081,75015,61486,89451,12.5,0.2,6.4,0.2,36156,267,12.9,0.2,13.3,0,22,0,9.8,0.1,8.3,0.2,54.1,0,7,0.1,21.2,0.3,3.5,0.1,6.7,0.2,5.5,0.2,2.7,0.1,0.343,0.6545,0.0739,0.5438,1.6152,0.3914,0.1191,0.4502,0.056,0.5234,1.1487,0.0621,0.8975,0.9516,1.8491,0.9561,0.9812,0.1496,0.9602,0.4677,0.625,3.1837,0.8411,7.7967,0.5596,0,0,0,0,0,0,0,0,0,0,0,1,1,1,0,1,0,0,2,3,279602,8.7,0.2,2933894,20,0,0,0,5,5,5,5,8,5,0,0,0,0,0,0,0,0,0,0,0,0,0,0,0,0,0,0,0,0,0,0,1,0,0,0,0,1,5,5,0,0,0,0,0,0,0,0,12,1,1,0,0,0,450,1050,26,39,0,0,0,1,1,4,0,0,6,0,0,5,0,13,0,1,0,0,0,0,0,0,0,0,0,1,1,241.65,39557045,163695,151278,5.5,12.8,33.3,268818,62,37.2239871100003,0.198830133571332,0.198830133571333
6073,6,"San Diego","California","2020-03-22",4.72738781871234,0,4.72738781871234,33.023604,-116.776117,4208.7625312,3302833,1204884,1118980,403190,106962,36156,286008,439595,726344,314897,92411,1787453,216965,255366,42081,75015,61486,89451,12.5,0.2,6.4,0.2,36156,267,12.9,0.2,13.3,0,22,0,9.8,0.1,8.3,0.2,54.1,0,7,0.1,21.2,0.3,3.5,0.1,6.7,0.2,5.5,0.2,2.7,0.1,0.343,0.6545,0.0739,0.5438,1.6152,0.3914,0.1191,0.4502,0.056,0.5234,1.1487,0.0621,0.8975,0.9516,1.8491,0.9561,0.9812,0.1496,0.9602,0.4677,0.625,3.1837,0.8411,7.7967,0.5596,0,0,0,0,0,0,0,0,0,0,0,1,1,1,0,1,0,0,2,3,279602,8.7,0.2,2933894,20,0,0,0,5,5,5,5,8,5,0,0,0,0,0,0,0,0,0,0,0,0,0,0,0,0,0,0,0,0,0,0,1,0,0,0,0,1,5,5,0,0,0,0,0,0,0,0,12,1,1,0,0,0,450,1050,26,39,0,0,0,1,1,4,0,0,6,0,0,5,0,13,0,1,0,0,0,0,0,0,0,0,0,1,1,241.65,39557045,163695,151278,5.5,12.8,33.3,268818,62,37.2239871100003,0.198830133571332,0
6075,6,"San Francisco","California","2020-03-22",4.20041910861358,0,4.20041910861358,37.727239,-123.032229,46.8633932,870044,393975,359673,92979,25320,64157,79408,131438,116897,89312,13712,516374,96657,144997,627,22953,109968,20480,10.9,0.3,4.7,0.2,64157,802,11.5,0.3,15.1,0.1,13.4,0,10.3,0.2,3.8,0.2,59.4,0.1,11.6,0.3,36.8,0.5,0.2,0.1,6.4,0.3,30.6,0.5,2.4,0.1,0.2427,0.3634,0.0013,0.4562,1.0636,0.2239,0.2209,0.0076,0.0796,0.0328,0.3409,0.0035,0.9258,0.9838,1.9096,0.9742,0.9968,0.0067,0.9557,0.9952,0.5769,3.5313,0.9497,6.8454,0.3911,0,0,0,0,0,0,0,0,0,0,1,1,2,1,0,1,1,0,3,5,37760,4.4,0.2,702907,20,0,0,0,5,5,5,5,8,5,0,0,0,0,0,0,0,0,0,0,0,0,0,0,0,0,0,0,0,0,0,0,1,0,0,0,0,1,5,5,0,0,0,0,0,0,0,0,12,1,1,0,0,0,450,1050,26,39,0,0,0,1,1,4,0,0,6,0,0,5,0,13,0,1,0,0,0,0,0,0,0,0,0,1,1,241.65,39557045,163695,151278,5.5,12.8,33.3,268818,62,37.1659392435807,0.176235982258385,0
6075,6,"San Francisco","California","2020-03-23",4.37665509087197,1,4.20041910861358,37.727239,-123.032229,46.8633932,870044,393975,359673,92979,25320,64157,79408,131438,116897,89312,13712,516374,96657,144997,627,22953,109968,20480,10.9,0.3,4.7,0.2,64157,802,11.5,0.3,15.1,0.1,13.4,0,10.3,0.2,3.8,0.2,59.4,0.1,11.6,0.3,36.8,0.5,0.2,0.1,6.4,0.3,30.6,0.5,2.4,0.1,0.2427,0.3634,0.0013,0.4562,1.0636,0.2239,0.2209,0.0076,0.0796,0.0328,0.3409,0.0035,0.9258,0.9838,1.9096,0.9742,0.9968,0.0067,0.9557,0.9952,0.5769,3.5313,0.9497,6.8454,0.3911,0,0,0,0,0,0,0,0,0,0,1,1,2,1,0,1,1,0,3,5,37760,4.4,0.2,702907,20,0,0,0,5,5,5,5,8,5,0,0,0,0,0,0,0,0,0,0,0,0,0,0,0,0,0,0,0,0,0,0,1,0,0,0,0,1,5,5,0,0,0,0,0,0,0,0,12,1,1,0,0,0,450,1050,26,39,0,0,0,1,1,4,0,0,6,0,0,5,0,13,0,1,0,0,0,0,0,0,0,0,0,1,1,241.65,39557045,163695,151278,5.5,12.8,33.3,268818,62,37.1659392435807,0.176235982258385,0.176235982258387
6081,6,"San Mateo","California","2020-03-23",4.60802325497049,1,4.45434729625351,37.414672,-122.371546,448.6353251,765935,276444,261969,53387,17556,57375,59339,117867,161248,65049,14864,462888,54023,55958,3047,20547,14038,9977,7,0.4,4.1,0.3,57375,637,10.8,0.3,15.4,0,21.1,0,8.5,0.2,5.7,0.3,60.4,0.1,7.5,0.3,20.2,0.5,1.1,0.1,7.8,0.4,5.4,0.3,1.3,0.1,0.0497,0.2611,0.0019,0.4088,0.7215,0.1185,0.242,0.3327,0.0216,0.1391,0.7354,0.0201,0.9309,0.9548,1.8857,0.9682,0.9784,0.0392,0.9745,0.4435,0.2582,2.6938,0.6043,6.0364,0.265,0,0,0,0,0,0,0,0,0,0,1,1,2,1,0,1,0,0,2,4,36429,4.8,0.3,651541,20,0,0,0,5,5,5,5,8,5,0,0,0,0,0,0,0,0,0,0,0,0,0,0,0,0,0,0,0,0,0,0,1,0,0,0,0,1,5,5,0,0,0,0,0,0,0,0,12,1,1,0,0,0,450,1050,26,39,0,0,0,1,1,4,0,0,6,0,0,5,0,13,0,1,0,0,0,0,0,0,0,0,0,1,1,241.65,39557045,163695,151278,5.5,12.8,33.3,268818,62,32.0146770292373,0.153675958716988,0.153675958716987
6081,6,"San Mateo","California","2020-03-22",4.45434729625351,0,4.45434729625351,37.414672,-122.371546,448.6353251,765935,276444,261969,53387,17556,57375,59339,117867,161248,65049,14864,462888,54023,55958,3047,20547,14038,9977,7,0.4,4.1,0.3,57375,637,10.8,0.3,15.4,0,21.1,0,8.5,0.2,5.7,0.3,60.4,0.1,7.5,0.3,20.2,0.5,1.1,0.1,7.8,0.4,5.4,0.3,1.3,0.1,0.0497,0.2611,0.0019,0.4088,0.7215,0.1185,0.242,0.3327,0.0216,0.1391,0.7354,0.0201,0.9309,0.9548,1.8857,0.9682,0.9784,0.0392,0.9745,0.4435,0.2582,2.6938,0.6043,6.0364,0.265,0,0,0,0,0,0,0,0,0,0,1,1,2,1,0,1,0,0,2,4,36429,4.8,0.3,651541,20,0,0,0,5,5,5,5,8,5,0,0,0,0,0,0,0,0,0,0,0,0,0,0,0,0,0,0,0,0,0,0,1,0,0,0,0,1,5,5,0,0,0,0,0,0,0,0,12,1,1,0,0,0,450,1050,26,39,0,0,0,1,1,4,0,0,6,0,0,5,0,13,0,1,0,0,0,0,0,0,0,0,0,1,1,241.65,39557045,163695,151278,5.5,12.8,33.3,268818,62,32.0146770292373,0.153675958716988,0
6085,6,"Santa Clara","California","2020-03-22",5.29974491853922,0,5.29974491853922,37.220695,-121.69051,1291.0851176,1922200,665365,635525,149850,49598,52451,157687,246908,432684,151779,39585,1306288,162853,144578,19043,51170,32645,35944,7.9,0.2,4.8,0.2,52451,361,11.9,0.3,12.8,0,22.5,0,7.9,0.1,6.2,0.2,68,0,9,0.2,21.7,0.3,2.9,0.1,8.1,0.2,5.1,0.2,1.9,0.1,0.078,0.3838,0.0067,0.4852,0.9537,0.1933,0.0952,0.5151,0.015,0.1936,0.8189,0.0255,0.9612,0.9691,1.9303,0.9815,0.9825,0.1152,0.9777,0.389,0.4728,2.9372,0.731,6.6401,0.3557,0,0,0,0,0,0,0,0,0,0,1,1,2,1,0,1,0,0,2,4,91726,4.8,0.1,1782410,20,0,0,0,5,5,5,5,8,5,0,0,0,0,0,0,0,0,0,0,0,0,0,0,0,0,0,0,0,0,0,0,1,0,0,0,0,1,5,5,0,0,0,0,0,0,0,0,12,1,1,0,0,0,450,1050,26,39,0,0,0,1,1,4,0,0,6,0,0,5,0,13,0,1,0,0,0,0,0,0,0,0,0,1,1,241.65,39557045,163695,151278,5.5,12.8,33.3,268818,62,16.6599679740036,0.11952505842648,0
6085,6,"Santa Clara","California","2020-03-23",5.4192699769657,1,5.29974491853922,37.220695,-121.69051,1291.0851176,1922200,665365,635525,149850,49598,52451,157687,246908,432684,151779,39585,1306288,162853,144578,19043,51170,32645,35944,7.9,0.2,4.8,0.2,52451,361,11.9,0.3,12.8,0,22.5,0,7.9,0.1,6.2,0.2,68,0,9,0.2,21.7,0.3,2.9,0.1,8.1,0.2,5.1,0.2,1.9,0.1,0.078,0.3838,0.0067,0.4852,0.9537,0.1933,0.0952,0.5151,0.015,0.1936,0.8189,0.0255,0.9612,0.9691,1.9303,0.9815,0.9825,0.1152,0.9777,0.389,0.4728,2.9372,0.731,6.6401,0.3557,0,0,0,0,0,0,0,0,0,0,1,1,2,1,0,1,0,0,2,4,91726,4.8,0.1,1782410,20,0,0,0,5,5,5,5,8,5,0,0,0,0,0,0,0,0,0,0,0,0,0,0,0,0,0,0,0,0,0,0,1,0,0,0,0,1,5,5,0,0,0,0,0,0,0,0,12,1,1,0,0,0,450,1050,26,39,0,0,0,1,1,4,0,0,6,0,0,5,0,13,0,1,0,0,0,0,0,0,0,0,0,1,1,241.65,39557045,163695,151278,5.5,12.8,33.3,268818,62,16.6599679740036,0.11952505842648,0.11952505842648
8031,8,"Denver","Colorado","2020-03-23",4.44600696433729,1,4.22160634183303,39.76185,-104.881105,153.2920296,693417,314045,294358,93728,16235,41196,64043,78751,139801,66458,21867,320707,38939,114374,1149,9490,29335,14919,13.8,0.5,4,0.2,41196,566,12.9,0.4,11.4,0.1,20.2,0,9.7,0.2,7.4,0.4,46.3,0,6,0.3,36.4,0.6,0.4,0.1,3.2,0.2,10,0.4,2.2,0.1,0.428,0.2455,0.0328,0.5438,1.2501,0.278,0.0449,0.2353,0.0538,0.3613,0.6953,0.0175,0.859,0.9366,1.7956,0.9382,0.9962,0.0137,0.7953,0.9074,0.5409,3.2535,0.8717,6.9945,0.4197,0,0,0,0,0,0,0,0,0,0,0,1,1,1,0,0,1,0,2,3,70752,10.3,0.3,700195,13,1,0,12,0,7,7,7,7,0,1,0,0,0,0,0,0,0,0,0,0,0,0,0,0,0,0,0,0,0,0,0,0,0,0,0,0,1,4,4,1,0,0,0,4,0,0,0,4,0,0,0,0,0,618,1218,26,39,0,0,0,1,0,4,0,0,4,0,0,1,0,13,0,0,1,0,0,0,0,0,0,0,0,0,1,54.72,5695564,104094,9619,3.9,9.6,31.3,38526,62,42.1871897024136,0.224400622504264,0.224400622504262
8031,8,"Denver","Colorado","2020-03-22",4.22160634183303,0,4.22160634183303,39.76185,-104.881105,153.2920296,693417,314045,294358,93728,16235,41196,64043,78751,139801,66458,21867,320707,38939,114374,1149,9490,29335,14919,13.8,0.5,4,0.2,41196,566,12.9,0.4,11.4,0.1,20.2,0,9.7,0.2,7.4,0.4,46.3,0,6,0.3,36.4,0.6,0.4,0.1,3.2,0.2,10,0.4,2.2,0.1,0.428,0.2455,0.0328,0.5438,1.2501,0.278,0.0449,0.2353,0.0538,0.3613,0.6953,0.0175,0.859,0.9366,1.7956,0.9382,0.9962,0.0137,0.7953,0.9074,0.5409,3.2535,0.8717,6.9945,0.4197,0,0,0,0,0,0,0,0,0,0,0,1,1,1,0,0,1,0,2,3,70752,10.3,0.3,700195,13,1,0,12,0,7,7,7,7,0,1,0,0,0,0,0,0,0,0,0,0,0,0,0,0,0,0,0,0,0,0,0,0,0,0,0,0,1,4,4,1,0,0,0,4,0,0,0,4,0,0,0,0,0,618,1218,26,39,0,0,0,1,0,4,0,0,4,0,0,1,0,13,0,0,1,0,0,0,0,0,0,0,0,0,1,54.72,5695564,104094,9619,3.9,9.6,31.3,38526,62,42.1871897024136,0.224400622504264,0
8037,8,"Eagle","Colorado","2020-03-23",4.12019794104843,1,3.9756682705885,39.626992,-106.695169,1684.4709569,54357,32154,17750,3793,764,41064,4075,5482,12118,2332,1015,17856,3473,8466,1724,768,304,84,7,1.6,2.2,0.8,41064,2404,10.7,1.4,10.1,0.3,22.3,0.1,4.3,0.9,5.7,1.4,32.8,0,6.8,1,26.3,1.8,5.4,1,4.3,1.3,1.7,0.9,0.2,0.2,0.0497,0.0573,0.0331,0.3996,0.5397,0.0662,0.0207,0.4906,3e-04,0.1391,0.6507,0.0156,0.7221,0.9487,1.6708,0.8886,0.9898,0.2518,0.8911,0.0232,0.0204,2.1763,0.326,5.0375,0.1369,0,0,0,0,0,0,0,0,0,0,0,1,1,1,0,0,0,0,1,2,8190,15.1,1.9,52146,13,1,0,12,0,7,7,7,7,0,1,0,0,0,0,0,0,0,0,0,0,0,0,0,0,0,0,0,0,0,0,0,0,0,0,0,0,1,4,4,1,0,0,0,4,0,0,0,4,0,0,0,0,0,618,1218,26,39,0,0,0,1,0,4,0,0,4,0,0,1,0,13,0,0,1,0,0,0,0,0,0,0,0,0,1,54.72,5695564,104094,9619,3.9,9.6,31.3,38526,62,33.4923729644107,0.144529670459934,0.144529670459932
8037,8,"Eagle","Colorado","2020-03-22",3.9756682705885,0,3.9756682705885,39.626992,-106.695169,1684.4709569,54357,32154,17750,3793,764,41064,4075,5482,12118,2332,1015,17856,3473,8466,1724,768,304,84,7,1.6,2.2,0.8,41064,2404,10.7,1.4,10.1,0.3,22.3,0.1,4.3,0.9,5.7,1.4,32.8,0,6.8,1,26.3,1.8,5.4,1,4.3,1.3,1.7,0.9,0.2,0.2,0.0497,0.0573,0.0331,0.3996,0.5397,0.0662,0.0207,0.4906,3e-04,0.1391,0.6507,0.0156,0.7221,0.9487,1.6708,0.8886,0.9898,0.2518,0.8911,0.0232,0.0204,2.1763,0.326,5.0375,0.1369,0,0,0,0,0,0,0,0,0,0,0,1,1,1,0,0,0,0,1,2,8190,15.1,1.9,52146,13,1,0,12,0,7,7,7,7,0,1,0,0,0,0,0,0,0,0,0,0,0,0,0,0,0,0,0,0,0,0,0,0,0,0,0,0,1,4,4,1,0,0,0,4,0,0,0,4,0,0,0,0,0,618,1218,26,39,0,0,0,1,0,4,0,0,4,0,0,1,0,13,0,0,1,0,0,0,0,0,0,0,0,0,1,54.72,5695564,104094,9619,3.9,9.6,31.3,38526,62,33.4923729644107,0.144529670459934,0
12011,12,"Broward","Florida","2020-03-22",4.71210089681543,0,4.71210089681543,26.193535,-80.476683,1203.1039618,1909151,821088,682088,255214,67089,31464,150125,303981,408805,208108,66788,1198713,137389,288316,23112,27626,48178,17280,13.5,0.3,6.6,0.2,31464,269,11.2,0.2,15.9,0.1,21.4,0,11,0.2,9.8,0.3,62.8,0,7.6,0.2,35.1,0.3,2.8,0.1,4.1,0.2,7.1,0.2,0.9,0.1,0.4115,0.6831,0.1955,0.433,1.7231,0.4232,0.2811,0.3629,0.1184,0.7469,1.5093,0.1716,0.9408,0.9564,1.8972,0.972,0.9955,0.1105,0.8828,0.7001,0.1165,2.8054,0.6638,7.935,0.5844,0,0,0,0,0,0,0,0,0,0,1,1,2,1,0,0,0,0,1,3,277323,14.6,0.3,1521986,15,7,0,9,0,4,4,4,7,0,1,0,0,0,0,0,0,0,0,0,0,0,0,0,0,0,0,0,0,0,0,0,0,0,0,0,0,1,4,4,1,0,0,0,0,0,0,0,0,1,1,0,0,0,275,875,12,25,0,0,0,0,8,0,0,0,6,1,0,4,0,13,0,0,1,0,0,0,0,0,0,0,0,0,0,323.9,21299325,65758,28328,5.2,13.6,42.1,205426,62,42.2820408052445,0.251742235774063,0
12011,12,"Broward","Florida","2020-03-23",4.9638431325895,1,4.71210089681543,26.193535,-80.476683,1203.1039618,1909151,821088,682088,255214,67089,31464,150125,303981,408805,208108,66788,1198713,137389,288316,23112,27626,48178,17280,13.5,0.3,6.6,0.2,31464,269,11.2,0.2,15.9,0.1,21.4,0,11,0.2,9.8,0.3,62.8,0,7.6,0.2,35.1,0.3,2.8,0.1,4.1,0.2,7.1,0.2,0.9,0.1,0.4115,0.6831,0.1955,0.433,1.7231,0.4232,0.2811,0.3629,0.1184,0.7469,1.5093,0.1716,0.9408,0.9564,1.8972,0.972,0.9955,0.1105,0.8828,0.7001,0.1165,2.8054,0.6638,7.935,0.5844,0,0,0,0,0,0,0,0,0,0,1,1,2,1,0,0,0,0,1,3,277323,14.6,0.3,1521986,15,7,0,9,0,4,4,4,7,0,1,0,0,0,0,0,0,0,0,0,0,0,0,0,0,0,0,0,0,0,0,0,0,0,0,0,0,1,4,4,1,0,0,0,0,0,0,0,0,1,1,0,0,0,275,875,12,25,0,0,0,0,8,0,0,0,6,1,0,4,0,13,0,0,1,0,0,0,0,0,0,0,0,0,0,323.9,21299325,65758,28328,5.2,13.6,42.1,205426,62,42.2820408052445,0.251742235774063,0.251742235774064
17031,17,"Cook","Illinois","2020-03-22",5.83355681840301,0,5.83355681840301,41.894294,-87.645455,944.9347676,5223719,2188394,1963070,778020,214832,35575,477426,724730,1160425,526347,173456,3005985,344114,508355,15405,66512,347470,92024,15.1,0.2,7.8,0.1,35575,195,13.3,0.1,13.9,0.1,22.2,0,10.2,0.1,8.8,0.1,57.5,0,7,0.1,23.2,0.2,0.7,0.1,3.4,0.1,17.7,0.2,1.8,0,0.5229,0.815,0.0818,0.5661,1.9858,0.5057,0.1442,0.4756,0.0755,0.6065,1.3018,0.0946,0.9163,0.9516,1.8679,0.9618,0.9847,0.0239,0.8198,0.9892,0.4448,3.2624,0.8758,8.4179,0.6755,0,0,0,0,0,0,0,0,0,0,1,1,2,1,0,0,1,0,2,4,492253,9.5,0.2,4379791,15,7,1,0,3,8,3,3,8,3,0,0,0,0,1,0,0,0,0,0,0,0,0,0,0,0,0,0,0,0,0,0,1,0,0,0,0,1,8,8,1,0,3,0,6,0,0,0,8,1,1,0,1,0,484,1084,26,39,0,0,0,1,1,0,0,5,5,0,0,0,0,10,0,1,0,0,0,0,0,0,0,0,0,0,1,220,12741080,57914,10199,5.5,12.1,36.2,110022,62,41.7235636434819,0.302626310720055,0
17031,17,"Cook","Illinois","2020-03-23",6.13618312912307,1,5.83355681840301,41.894294,-87.645455,944.9347676,5223719,2188394,1963070,778020,214832,35575,477426,724730,1160425,526347,173456,3005985,344114,508355,15405,66512,347470,92024,15.1,0.2,7.8,0.1,35575,195,13.3,0.1,13.9,0.1,22.2,0,10.2,0.1,8.8,0.1,57.5,0,7,0.1,23.2,0.2,0.7,0.1,3.4,0.1,17.7,0.2,1.8,0,0.5229,0.815,0.0818,0.5661,1.9858,0.5057,0.1442,0.4756,0.0755,0.6065,1.3018,0.0946,0.9163,0.9516,1.8679,0.9618,0.9847,0.0239,0.8198,0.9892,0.4448,3.2624,0.8758,8.4179,0.6755,0,0,0,0,0,0,0,0,0,0,1,1,2,1,0,0,1,0,2,4,492253,9.5,0.2,4379791,15,7,1,0,3,8,3,3,8,3,0,0,0,0,1,0,0,0,0,0,0,0,0,0,0,0,0,0,0,0,0,0,1,0,0,0,0,1,8,8,1,0,3,0,6,0,0,0,8,1,1,0,1,0,484,1084,26,39,0,0,0,1,1,0,0,5,5,0,0,0,0,10,0,1,0,0,0,0,0,0,0,0,0,0,1,220,12741080,57914,10199,5.5,12.1,36.2,110022,62,41.7235636434819,0.302626310720055,0.302626310720056
22071,22,"Orleans","Louisiana","2020-03-22",5.5915198875312,0,5.5915198875312,30.05342,-89.934502,169.429419,389648,191738,154036,92497,16380,30177,38030,52536,78740,54108,15733,270325,5657,28699,1055,2294,29475,14527,24.6,0.7,8.4,0.4,30177,447,13.8,0.4,13.5,0.1,20.2,0,14.1,0.4,10.2,0.4,69.4,0,1.5,0.1,15,0.4,0.6,0.1,1.5,0.2,19.1,0.6,3.7,0.2,0.9118,0.8611,0.2468,0.5922,2.6119,0.6997,0.128,0.2353,0.3629,0.7905,1.5167,0.1761,0.9647,0.6905,1.6552,0.8797,0.9497,0.021,0.3359,0.9908,0.7335,3.0309,0.7771,8.8147,0.7449,1,0,0,0,1,0,0,0,0,0,1,0,1,1,0,0,1,0,2,4,40973,10.7,0.4,378528,13,8,0,12,1,7,7,7,7,1,0,0,0,0,1,0,0,0,0,0,0,0,0,0,0,0,0,0,0,0,0,0,1,0,0,0,0,1,8,8,1,8,0,0,11,0,0,0,11,1,1,0,1,0,247,847,26,39,0,0,0,1,1,0,0,1,11,1,1,6,1,12,12,0,0,1,0,0,0,0,0,0,0,0,1,88.97,4659978,52378,2941,6.4,18.6,42.1,46048,62,36.0729055928705,0.224314948072405,0
22071,22,"Orleans","Louisiana","2020-03-23",5.8158348356036,1,5.5915198875312,30.05342,-89.934502,169.429419,389648,191738,154036,92497,16380,30177,38030,52536,78740,54108,15733,270325,5657,28699,1055,2294,29475,14527,24.6,0.7,8.4,0.4,30177,447,13.8,0.4,13.5,0.1,20.2,0,14.1,0.4,10.2,0.4,69.4,0,1.5,0.1,15,0.4,0.6,0.1,1.5,0.2,19.1,0.6,3.7,0.2,0.9118,0.8611,0.2468,0.5922,2.6119,0.6997,0.128,0.2353,0.3629,0.7905,1.5167,0.1761,0.9647,0.6905,1.6552,0.8797,0.9497,0.021,0.3359,0.9908,0.7335,3.0309,0.7771,8.8147,0.7449,1,0,0,0,1,0,0,0,0,0,1,0,1,1,0,0,1,0,2,4,40973,10.7,0.4,378528,13,8,0,12,1,7,7,7,7,1,0,0,0,0,1,0,0,0,0,0,0,0,0,0,0,0,0,0,0,0,0,0,1,0,0,0,0,1,8,8,1,8,0,0,11,0,0,0,11,1,1,0,1,0,247,847,26,39,0,0,0,1,1,0,0,1,11,1,1,6,1,12,12,0,0,1,0,0,0,0,0,0,0,0,1,88.97,4659978,52378,2941,6.4,18.6,42.1,46048,62,36.0729055928705,0.224314948072405,0.224314948072406
25017,25,"Middlesex","Massachusetts","2020-03-23",5.0201140380508,1,4.86863274820464,42.481718,-71.394916,817.8401031,1595192,632582,600032,122070,38575,49669,76765,234069,321214,146099,35341,438354,61303,120397,2354,11212,63306,58705,7.9,0.2,4.2,0.2,49669,376,6.9,0.2,14.7,0.1,20.1,0,9.2,0.2,5.9,0.2,27.5,0.1,4.1,0.2,19,0.3,0.4,0.1,1.9,0.1,10.6,0.2,3.7,0.1,0.078,0.2745,0.0086,0.1165,0.4776,0.051,0.1917,0.2254,0.0385,0.1573,0.6129,0.0137,0.6616,0.8943,1.5559,0.8341,0.9745,0.0137,0.4817,0.9261,0.7335,3.1295,0.8195,5.7759,0.2264,0,0,0,0,0,0,0,0,0,0,0,0,0,1,0,0,1,0,2,2,40992,2.6,0.2,1543265,14,8,1,8,0,7,0,0,7,0,0,0,0,0,1,0,0,0,0,0,0,0,0,0,0,0,0,0,0,0,1,0,0,0,0,0,0,1,0,0,0,0,0,0,0,0,0,0,6,1,1,1,0,0,823,1423,26,39,0,0,0,1,0,13,0,8,12,1,0,6,0,12,0,0,0,1,0,0,0,0,0,0,0,1,1,653.98,6902149,10554,18471,4.8,10,34.6,59152,62,28.85984095363,0.151481289846153,0.151481289846153
25017,25,"Middlesex","Massachusetts","2020-03-22",4.86863274820464,0,4.86863274820464,42.481718,-71.394916,817.8401031,1595192,632582,600032,122070,38575,49669,76765,234069,321214,146099,35341,438354,61303,120397,2354,11212,63306,58705,7.9,0.2,4.2,0.2,49669,376,6.9,0.2,14.7,0.1,20.1,0,9.2,0.2,5.9,0.2,27.5,0.1,4.1,0.2,19,0.3,0.4,0.1,1.9,0.1,10.6,0.2,3.7,0.1,0.078,0.2745,0.0086,0.1165,0.4776,0.051,0.1917,0.2254,0.0385,0.1573,0.6129,0.0137,0.6616,0.8943,1.5559,0.8341,0.9745,0.0137,0.4817,0.9261,0.7335,3.1295,0.8195,5.7759,0.2264,0,0,0,0,0,0,0,0,0,0,0,0,0,1,0,0,1,0,2,2,40992,2.6,0.2,1543265,14,8,1,8,0,7,0,0,7,0,0,0,0,0,1,0,0,0,0,0,0,0,0,0,0,0,0,0,0,0,1,0,0,0,0,0,0,1,0,0,0,0,0,0,0,0,0,0,6,1,1,1,0,0,823,1423,26,39,0,0,0,1,0,13,0,8,12,1,0,6,0,12,0,0,0,1,0,0,0,0,0,0,0,1,1,653.98,6902149,10554,18471,4.8,10,34.6,59152,62,28.85984095363,0.151481289846153,0
25021,25,"Norfolk","Massachusetts","2020-03-23",4.11787505963229,1,4.00473240353241,42.171739,-71.181111,396.0969232,698249,277275,263551,44011,19548,52036,29903,113400,148906,67011,13646,169330,21608,50401,956,3879,24529,18470,6.5,0.4,5,0.3,52036,623,6.1,0.3,16.2,0.1,21.3,0,9.7,0.2,5.2,0.3,24.3,0.1,3.3,0.2,18.2,0.4,0.3,0.1,1.5,0.2,9.3,0.3,2.6,0.1,0.0382,0.4166,0.007,0.0755,0.5373,0.0656,0.3098,0.3505,0.0538,0.1022,0.8163,0.0252,0.6262,0.8593,1.4855,0.7994,0.971,0.0099,0.3359,0.8746,0.6059,2.7973,0.6603,5.6364,0.2092,0,0,0,0,0,0,0,0,0,0,0,0,0,1,0,0,0,0,1,1,13782,2,0.1,661559,14,8,1,8,0,7,0,0,7,0,0,0,0,0,1,0,0,0,0,0,0,0,0,0,0,0,0,0,0,0,1,0,0,0,0,0,0,1,0,0,0,0,0,0,0,0,0,0,6,1,1,1,0,0,823,1423,26,39,0,0,0,1,0,13,0,8,12,1,0,6,0,12,0,0,0,1,0,0,0,0,0,0,0,1,1,653.98,6902149,10554,18471,4.8,10,34.6,59152,62,25.6045749536131,0.11314265609988,0.11314265609988
25021,25,"Norfolk","Massachusetts","2020-03-22",4.00473240353241,0,4.00473240353241,42.171739,-71.181111,396.0969232,698249,277275,263551,44011,19548,52036,29903,113400,148906,67011,13646,169330,21608,50401,956,3879,24529,18470,6.5,0.4,5,0.3,52036,623,6.1,0.3,16.2,0.1,21.3,0,9.7,0.2,5.2,0.3,24.3,0.1,3.3,0.2,18.2,0.4,0.3,0.1,1.5,0.2,9.3,0.3,2.6,0.1,0.0382,0.4166,0.007,0.0755,0.5373,0.0656,0.3098,0.3505,0.0538,0.1022,0.8163,0.0252,0.6262,0.8593,1.4855,0.7994,0.971,0.0099,0.3359,0.8746,0.6059,2.7973,0.6603,5.6364,0.2092,0,0,0,0,0,0,0,0,0,0,0,0,0,1,0,0,0,0,1,1,13782,2,0.1,661559,14,8,1,8,0,7,0,0,7,0,0,0,0,0,1,0,0,0,0,0,0,0,0,0,0,0,0,0,0,0,1,0,0,0,0,0,0,1,0,0,0,0,0,0,0,0,0,0,6,1,1,1,0,0,823,1423,26,39,0,0,0,1,0,13,0,8,12,1,0,6,0,12,0,0,0,1,0,0,0,0,0,0,0,1,1,653.98,6902149,10554,18471,4.8,10,34.6,59152,62,25.6045749536131,0.11314265609988,0
25025,25,"Suffolk","Massachusetts","2020-03-22",4.30983989269805,0,4.30983989269805,42.338551,-71.018253,58.245457,791766,333238,307870,144697,32222,40190,79176,91123,134169,96641,29746,435116,77816,104947,573,11195,99703,49010,19.3,0.5,7,0.3,40190,551,14.5,0.4,11.5,0.1,16.9,0,12.3,0.3,9.7,0.4,55,0.1,10.4,0.3,31.5,0.5,0.2,0.1,3.6,0.3,32.4,0.5,6.2,0.2,0.7592,0.7347,0.0385,0.6316,2.164,0.5608,0.0481,0.0513,0.2041,0.7316,1.0351,0.0474,0.9023,0.978,1.8803,0.9656,0.9936,0.0067,0.8456,0.9959,0.8555,3.6973,0.9774,8.7767,0.7379,0,0,0,0,0,0,0,0,0,0,1,1,2,1,0,0,1,0,2,4,31509,4,0.2,727533,14,8,1,8,0,7,0,0,7,0,0,0,0,0,1,0,0,0,0,0,0,0,0,0,0,0,0,0,0,0,1,0,0,0,0,0,0,1,0,0,0,0,0,0,0,0,0,0,6,1,1,1,0,0,823,1423,26,39,0,0,0,1,0,13,0,8,12,1,0,6,0,12,0,0,0,1,0,0,0,0,0,0,0,1,1,653.98,6902149,10554,18471,4.8,10,34.6,59152,62,38.8665187277875,0.194720380390809,0
25025,25,"Suffolk","Massachusetts","2020-03-23",4.50456027308886,1,4.30983989269805,42.338551,-71.018253,58.245457,791766,333238,307870,144697,32222,40190,79176,91123,134169,96641,29746,435116,77816,104947,573,11195,99703,49010,19.3,0.5,7,0.3,40190,551,14.5,0.4,11.5,0.1,16.9,0,12.3,0.3,9.7,0.4,55,0.1,10.4,0.3,31.5,0.5,0.2,0.1,3.6,0.3,32.4,0.5,6.2,0.2,0.7592,0.7347,0.0385,0.6316,2.164,0.5608,0.0481,0.0513,0.2041,0.7316,1.0351,0.0474,0.9023,0.978,1.8803,0.9656,0.9936,0.0067,0.8456,0.9959,0.8555,3.6973,0.9774,8.7767,0.7379,0,0,0,0,0,0,0,0,0,0,1,1,2,1,0,0,1,0,2,4,31509,4,0.2,727533,14,8,1,8,0,7,0,0,7,0,0,0,0,0,1,0,0,0,0,0,0,0,0,0,0,0,0,0,0,0,1,0,0,0,0,0,0,1,0,0,0,0,0,0,0,0,0,0,6,1,1,1,0,0,823,1423,26,39,0,0,0,1,0,13,0,8,12,1,0,6,0,12,0,0,0,1,0,0,0,0,0,0,0,1,1,653.98,6902149,10554,18471,4.8,10,34.6,59152,62,38.8665187277875,0.194720380390809,0.194720380390809
34003,34,"Bergen","New Jersey","2020-03-22",5.51342874616498,0,5.51342874616498,40.959698,-74.074727,232.7851333,929999,356654,338249,64674,22404,48426,50921,155306,199408,74389,19729,397573,59231,61853,1070,7987,27782,10999,7,0.3,4.5,0.2,48426,557,7.8,0.3,16.7,0.1,21.4,0,8.1,0.2,5.8,0.3,42.7,0,6.7,0.2,17.3,0.4,0.3,0.1,2.4,0.2,8.2,0.3,1.2,0.1,0.0497,0.3299,0.0102,0.1831,0.5729,0.0752,0.3566,0.3629,0.0169,0.1487,0.8851,0.0315,0.8252,0.9456,1.7708,0.9287,0.9647,0.0099,0.6313,0.8026,0.2184,2.6269,0.5616,5.8557,0.2395,0,0,0,0,0,0,0,0,0,0,0,1,1,1,0,0,0,0,1,2,76580,8.3,0.3,898942,15,6,6,0,3,8,8,8,8,3,0,0,0,0,1,0,0,0,0,0,0,0,0,0,0,0,0,0,0,0,0,0,1,0,0,0,0,1,3,0,1,0,5,0,0,0,0,1,0,1,1,0,1,0,713,1313,26,39,0,0,0,1,1,0,0,2,4,1,1,0,0,10,0,0,1,0,0,0,0,0,0,0,0,1,1,1021.27,8908520,8723,8862,4.9,9.5,34.6,75765,62,40.9032777472383,0.274344675555603,0
34003,34,"Bergen","New Jersey","2020-03-23",5.78777342172059,1,5.51342874616498,40.959698,-74.074727,232.7851333,929999,356654,338249,64674,22404,48426,50921,155306,199408,74389,19729,397573,59231,61853,1070,7987,27782,10999,7,0.3,4.5,0.2,48426,557,7.8,0.3,16.7,0.1,21.4,0,8.1,0.2,5.8,0.3,42.7,0,6.7,0.2,17.3,0.4,0.3,0.1,2.4,0.2,8.2,0.3,1.2,0.1,0.0497,0.3299,0.0102,0.1831,0.5729,0.0752,0.3566,0.3629,0.0169,0.1487,0.8851,0.0315,0.8252,0.9456,1.7708,0.9287,0.9647,0.0099,0.6313,0.8026,0.2184,2.6269,0.5616,5.8557,0.2395,0,0,0,0,0,0,0,0,0,0,0,1,1,1,0,0,0,0,1,2,76580,8.3,0.3,898942,15,6,6,0,3,8,8,8,8,3,0,0,0,0,1,0,0,0,0,0,0,0,0,0,0,0,0,0,0,0,0,0,1,0,0,0,0,1,3,0,1,0,5,0,0,0,0,1,0,1,1,0,1,0,713,1313,26,39,0,0,0,1,1,0,0,2,4,1,1,0,0,10,0,0,1,0,0,0,0,0,0,0,0,1,1,1021.27,8908520,8723,8862,4.9,9.5,34.6,75765,62,40.9032777472383,0.274344675555603,0.274344675555604
36059,36,"Nassau","New York","2020-03-22",6.5079171667391,0,6.5079171667391,40.729612,-73.589414,284.5900653,1356564,471835,445517,76461,30530,49211,82341,232164,295105,112217,24881,532139,68810,50142,863,11768,31328,20106,5.7,0.3,4.3,0.2,49211,384,8.8,0.3,17.1,0.1,21.8,0,8.3,0.2,5.6,0.3,39.2,0.1,5.4,0.2,10.6,0.3,0.2,0.1,2.6,0.2,7,0.3,1.5,0.1,0.0245,0.2924,0.0092,0.2499,0.576,0.0764,0.3989,0.418,0.0188,0.1337,0.9694,0.0392,0.7943,0.9255,1.7198,0.9105,0.8876,0.0067,0.6864,0.6829,0.3457,2.6093,0.5546,5.8745,0.243,0,0,0,0,0,0,0,0,0,0,0,1,1,0,0,0,0,0,0,1,64633,4.8,0.2,1235891,17,6,0,11,2,8,8,8,8,2,1,0,0,0,1,0,0,0,0,0,0,0,0,0,0,0,0,0,0,0,1,0,0,0,0,0,0,1,8,8,0,2,2,0,11,3,0,0,12,0,0,0,1,0,504,1104,26,39,0,0,0,1,0,8,0,9,23,0,0,4,0,10,0,1,0,0,0,0,0,0,0,0,0,0,1,358.21,19542209,54555,92091,5,13.6,36.9,157183,62,44.8731521177241,0.403545517031358,0
36059,36,"Nassau","New York","2020-03-23",6.91146268377046,1,6.5079171667391,40.729612,-73.589414,284.5900653,1356564,471835,445517,76461,30530,49211,82341,232164,295105,112217,24881,532139,68810,50142,863,11768,31328,20106,5.7,0.3,4.3,0.2,49211,384,8.8,0.3,17.1,0.1,21.8,0,8.3,0.2,5.6,0.3,39.2,0.1,5.4,0.2,10.6,0.3,0.2,0.1,2.6,0.2,7,0.3,1.5,0.1,0.0245,0.2924,0.0092,0.2499,0.576,0.0764,0.3989,0.418,0.0188,0.1337,0.9694,0.0392,0.7943,0.9255,1.7198,0.9105,0.8876,0.0067,0.6864,0.6829,0.3457,2.6093,0.5546,5.8745,0.243,0,0,0,0,0,0,0,0,0,0,0,1,1,0,0,0,0,0,0,1,64633,4.8,0.2,1235891,17,6,0,11,2,8,8,8,8,2,1,0,0,0,1,0,0,0,0,0,0,0,0,0,0,0,0,0,0,0,1,0,0,0,0,0,0,1,8,8,0,2,2,0,11,3,0,0,12,0,0,0,1,0,504,1104,26,39,0,0,0,1,0,8,0,9,23,0,0,4,0,10,0,1,0,0,0,0,0,0,0,0,0,0,1,358.21,19542209,54555,92091,5,13.6,36.9,157183,62,44.8731521177241,0.403545517031358,0.40354551703136
36103,36,"Suffolk","New York","2020-03-23",6.3235906181253,1,5.8813307526975,40.943554,-72.692218,911.7768433,1487901,575162,487981,103887,37012,42204,98607,239139,322908,141672,30099,474510,56397,33705,5148,12746,25656,29735,7.1,0.3,4.7,0.2,42204,376,9.6,0.2,16.1,0.1,21.7,0,9.6,0.2,6.2,0.3,31.9,0.1,4,0.2,5.9,0.2,0.9,0.1,2.6,0.2,5.3,0.2,2,0.1,0.0522,0.3634,0.028,0.3114,0.755,0.1255,0.2983,0.3999,0.0506,0.1936,0.9424,0.0369,0.7106,0.8895,1.6001,0.8545,0.7507,0.0318,0.6864,0.4225,0.4995,2.3909,0.4288,5.6884,0.2146,0,0,0,0,0,0,0,0,0,0,0,0,0,0,0,0,0,0,0,0,79676,5.4,0.2,1348914,17,6,0,11,2,8,8,8,8,2,1,0,0,0,1,0,0,0,0,0,0,0,0,0,0,0,0,0,0,0,1,0,0,0,0,0,0,1,8,8,0,2,2,0,11,3,0,0,12,0,0,0,1,0,504,1104,26,39,0,0,0,1,0,8,0,9,23,0,0,4,0,10,0,1,0,0,0,0,0,0,0,0,0,0,1,358.21,19542209,54555,92091,5,13.6,36.9,157183,62,47.7016403421361,0.44225986542781,0.442259865427805
36103,36,"Suffolk","New York","2020-03-22",5.8813307526975,0,5.8813307526975,40.943554,-72.692218,911.7768433,1487901,575162,487981,103887,37012,42204,98607,239139,322908,141672,30099,474510,56397,33705,5148,12746,25656,29735,7.1,0.3,4.7,0.2,42204,376,9.6,0.2,16.1,0.1,21.7,0,9.6,0.2,6.2,0.3,31.9,0.1,4,0.2,5.9,0.2,0.9,0.1,2.6,0.2,5.3,0.2,2,0.1,0.0522,0.3634,0.028,0.3114,0.755,0.1255,0.2983,0.3999,0.0506,0.1936,0.9424,0.0369,0.7106,0.8895,1.6001,0.8545,0.7507,0.0318,0.6864,0.4225,0.4995,2.3909,0.4288,5.6884,0.2146,0,0,0,0,0,0,0,0,0,0,0,0,0,0,0,0,0,0,0,0,79676,5.4,0.2,1348914,17,6,0,11,2,8,8,8,8,2,1,0,0,0,1,0,0,0,0,0,0,0,0,0,0,0,0,0,0,0,1,0,0,0,0,0,0,1,8,8,0,2,2,0,11,3,0,0,12,0,0,0,1,0,504,1104,26,39,0,0,0,1,0,8,0,9,23,0,0,4,0,10,0,1,0,0,0,0,0,0,0,0,0,0,1,358.21,19542209,54555,92091,5,13.6,36.9,157183,62,47.7016403421361,0.44225986542781,0
36119,36,"Westchester","New York","2020-03-23",7.15439211771194,1,6.79969270334763,41.152686,-73.745753,430.5678079,968815,373942,347332,87214,29722,54572,81329,158902,217100,89947,26493,445341,57741,105302,525,14214,50391,26182,9.2,0.4,5.8,0.3,54572,583,12.2,0.3,16.4,0.1,22.4,0,9.4,0.2,7.6,0.4,46,0.1,6.3,0.2,28.2,0.4,0.1,0.1,4.1,0.3,14.5,0.4,2.7,0.1,0.1392,0.5481,0.0041,0.5056,1.197,0.264,0.3298,0.504,0.0423,0.3961,1.2722,0.0853,0.8561,0.9417,1.7978,0.9392,0.9924,0.0022,0.8828,0.9803,0.625,3.4827,0.9386,7.7497,0.5516,0,0,0,0,0,0,0,0,0,0,0,1,1,1,0,0,1,0,2,3,64712,6.8,0.3,885863,17,6,0,11,2,8,8,8,8,2,1,0,0,0,1,0,0,0,0,0,0,0,0,0,0,0,0,0,0,0,1,0,0,0,0,0,0,1,8,8,0,2,2,0,11,3,0,0,12,0,0,0,1,0,504,1104,26,39,0,0,0,1,0,8,0,9,23,0,0,4,0,10,0,1,0,0,0,0,0,0,0,0,0,0,1,358.21,19542209,54555,92091,5,13.6,36.9,157183,62,41.8297041720971,0.354699414364305,0.354699414364302
36119,36,"Westchester","New York","2020-03-22",6.79969270334763,0,6.79969270334763,41.152686,-73.745753,430.5678079,968815,373942,347332,87214,29722,54572,81329,158902,217100,89947,26493,445341,57741,105302,525,14214,50391,26182,9.2,0.4,5.8,0.3,54572,583,12.2,0.3,16.4,0.1,22.4,0,9.4,0.2,7.6,0.4,46,0.1,6.3,0.2,28.2,0.4,0.1,0.1,4.1,0.3,14.5,0.4,2.7,0.1,0.1392,0.5481,0.0041,0.5056,1.197,0.264,0.3298,0.504,0.0423,0.3961,1.2722,0.0853,0.8561,0.9417,1.7978,0.9392,0.9924,0.0022,0.8828,0.9803,0.625,3.4827,0.9386,7.7497,0.5516,0,0,0,0,0,0,0,0,0,0,0,1,1,1,0,0,1,0,2,3,64712,6.8,0.3,885863,17,6,0,11,2,8,8,8,8,2,1,0,0,0,1,0,0,0,0,0,0,0,0,0,0,0,0,0,0,0,1,0,0,0,0,0,0,1,8,8,0,2,2,0,11,3,0,0,12,0,0,0,1,0,504,1104,26,39,0,0,0,1,0,8,0,9,23,0,0,4,0,10,0,1,0,0,0,0,0,0,0,0,0,0,1,358.21,19542209,54555,92091,5,13.6,36.9,157183,62,41.8297041720971,0.354699414364305,0
42091,42,"Montgomery","Pennsylvania","2020-03-22",4.03802613163188,0,4.03802613163188,40.209999,-75.370201,482.957713,821301,332631,313949,49866,20904,46776,33289,139629,178892,80599,20461,195960,14619,48753,2891,3769,18334,22062,6.2,0.3,4.6,0.2,46776,438,5.8,0.2,17,0.1,21.8,0,10,0.2,6.5,0.3,23.9,0,1.9,0.1,14.7,0.3,0.9,0.1,1.2,0.1,5.8,0.2,2.7,0.1,0.0334,0.3487,0.0131,0.0611,0.4563,0.0446,0.3897,0.418,0.0646,0.2305,1.1028,0.0554,0.6208,0.7491,1.3699,0.731,0.9468,0.0318,0.2203,0.5142,0.625,2.3381,0.404,5.2671,0.1653,0,0,0,0,0,0,0,0,0,0,0,0,0,1,0,0,0,0,1,1,30941,3.8,0.2,859274,18,8,7,7,5,7,5,5,5,0,1,0,0,0,1,0,0,0,0,0,0,0,0,0,0,0,0,0,0,0,0,0,1,0,0,0,0,1,6,0,1,6,6,0,11,0,0,0,0,1,1,0,0,0,572,1172,26,39,0,0,0,1,0,0,0,9,4,1,1,4,1,11,0,0,1,0,0,0,6,0,152,0,0,0,1,278.09,12807060,46054,13199,4.9,12.2,39.8,134702,62,42.8629511702176,0.222639646037736,0
42091,42,"Montgomery","Pennsylvania","2020-03-23",4.26066577766961,1,4.03802613163188,40.209999,-75.370201,482.957713,821301,332631,313949,49866,20904,46776,33289,139629,178892,80599,20461,195960,14619,48753,2891,3769,18334,22062,6.2,0.3,4.6,0.2,46776,438,5.8,0.2,17,0.1,21.8,0,10,0.2,6.5,0.3,23.9,0,1.9,0.1,14.7,0.3,0.9,0.1,1.2,0.1,5.8,0.2,2.7,0.1,0.0334,0.3487,0.0131,0.0611,0.4563,0.0446,0.3897,0.418,0.0646,0.2305,1.1028,0.0554,0.6208,0.7491,1.3699,0.731,0.9468,0.0318,0.2203,0.5142,0.625,2.3381,0.404,5.2671,0.1653,0,0,0,0,0,0,0,0,0,0,0,0,0,1,0,0,0,0,1,1,30941,3.8,0.2,859274,18,8,7,7,5,7,5,5,5,0,1,0,0,0,1,0,0,0,0,0,0,0,0,0,0,0,0,0,0,0,0,0,1,0,0,0,0,1,6,0,1,6,6,0,11,0,0,0,0,1,1,0,0,0,572,1172,26,39,0,0,0,1,0,0,0,9,4,1,1,4,1,11,0,0,1,0,0,0,6,0,152,0,0,0,1,278.09,12807060,46054,13199,4.9,12.2,39.8,134702,62,42.8629511702176,0.222639646037736,0.222639646037737
53033,53,"King","Washington","2020-03-22",6.57587249469473,0,6.57587249469473,47.490599,-121.833996,2115.298789,2163257,917904,865627,203702,55432,49298,108078,274609,445378,205142,53739,855746,94471,256076,17434,31712,87191,36590,9.5,0.2,4.5,0.1,49298,320,7,0.2,12.7,0,20.6,0,9.5,0.1,6.2,0.2,39.6,0,4.6,0.1,27.9,0.3,1.9,0.1,3.7,0.2,10.1,0.2,1.7,0.1,0.1551,0.3299,0.0089,0.1223,0.6162,0.0885,0.0914,0.2748,0.0478,0.1936,0.6076,0.0134,0.7975,0.908,1.7055,0.9048,0.9914,0.0716,0.8551,0.9096,0.4126,3.2403,0.8666,6.1696,0.2854,0,0,0,0,0,0,0,0,0,0,0,1,1,1,0,0,1,0,2,3,122097,5.7,0.1,2094615,24,7,0,8,0,8,8,8,8,1,0,0,0,0,0,0,0,0,0,0,0,0,0,0,0,0,0,0,0,0,0,0,1,0,0,0,0,1,0,0,0,6,6,0,6,0,0,0,6,1,1,1,0,0,790,1390,26,39,0,0,0,1,5,14,0,0,0,1,0,5,0,11,0,0,1,0,0,0,0,0,0,0,0,1,1,105.69,7535591,71298,21577,4.3,10.3,35.1,56877,62,8.1847678924097,0.124507121000604,0
53033,53,"King","Washington","2020-03-23",6.70037961569533,1,6.57587249469473,47.490599,-121.833996,2115.298789,2163257,917904,865627,203702,55432,49298,108078,274609,445378,205142,53739,855746,94471,256076,17434,31712,87191,36590,9.5,0.2,4.5,0.1,49298,320,7,0.2,12.7,0,20.6,0,9.5,0.1,6.2,0.2,39.6,0,4.6,0.1,27.9,0.3,1.9,0.1,3.7,0.2,10.1,0.2,1.7,0.1,0.1551,0.3299,0.0089,0.1223,0.6162,0.0885,0.0914,0.2748,0.0478,0.1936,0.6076,0.0134,0.7975,0.908,1.7055,0.9048,0.9914,0.0716,0.8551,0.9096,0.4126,3.2403,0.8666,6.1696,0.2854,0,0,0,0,0,0,0,0,0,0,0,1,1,1,0,0,1,0,2,3,122097,5.7,0.1,2094615,24,7,0,8,0,8,8,8,8,1,0,0,0,0,0,0,0,0,0,0,0,0,0,0,0,0,0,0,0,0,0,0,1,0,0,0,0,1,0,0,0,6,6,0,6,0,0,0,6,1,1,1,0,0,790,1390,26,39,0,0,0,1,5,14,0,0,0,1,0,5,0,11,0,0,1,0,0,0,0,0,0,0,0,1,1,105.69,7535591,71298,21577,4.3,10.3,35.1,56877,62,8.1847678924097,0.124507121000604,0.124507121000603
53053,53,"Pierce","Washington","2020-03-22",4.27666611901606,0,4.27666611901606,47.051413,-122.15324,1667.8076278,859840,343060,317699,94207,24544,32874,50229,113665,203938,112312,28779,280741,20017,41137,20157,8778,17215,18446,11.2,0.4,5.8,0.3,32874,347,8.7,0.3,13.2,0,23.7,0,13.4,0.3,9.1,0.4,32.7,0,2.5,0.2,12,0.4,5.9,0.3,2.8,0.2,5.4,0.3,2.1,0.1,0.2608,0.5481,0.1424,0.2413,1.1926,0.2634,0.1121,0.6826,0.2923,0.653,1.74,0.2894,0.7198,0.8112,1.531,0.8223,0.9153,0.2792,0.7249,0.4435,0.5244,2.8873,0.7046,7.3509,0.4873,0,0,0,0,0,0,0,0,0,0,0,0,0,1,0,0,0,0,1,1,56504,6.7,0.3,772278,24,7,0,8,0,8,8,8,8,1,0,0,0,0,0,0,0,0,0,0,0,0,0,0,0,0,0,0,0,0,0,0,1,0,0,0,0,1,0,0,0,6,6,0,6,0,0,0,6,1,1,1,0,0,790,1390,26,39,0,0,0,1,5,14,0,0,0,1,0,5,0,11,0,0,1,0,0,0,0,0,0,0,0,1,1,105.69,7535591,71298,21577,4.3,10.3,35.1,56877,62,32.6295196218036,0.150743521505642,0
53053,53,"Pierce","Washington","2020-03-23",4.4274096405217,1,4.27666611901606,47.051413,-122.15324,1667.8076278,859840,343060,317699,94207,24544,32874,50229,113665,203938,112312,28779,280741,20017,41137,20157,8778,17215,18446,11.2,0.4,5.8,0.3,32874,347,8.7,0.3,13.2,0,23.7,0,13.4,0.3,9.1,0.4,32.7,0,2.5,0.2,12,0.4,5.9,0.3,2.8,0.2,5.4,0.3,2.1,0.1,0.2608,0.5481,0.1424,0.2413,1.1926,0.2634,0.1121,0.6826,0.2923,0.653,1.74,0.2894,0.7198,0.8112,1.531,0.8223,0.9153,0.2792,0.7249,0.4435,0.5244,2.8873,0.7046,7.3509,0.4873,0,0,0,0,0,0,0,0,0,0,0,0,0,1,0,0,0,0,1,1,56504,6.7,0.3,772278,24,7,0,8,0,8,8,8,8,1,0,0,0,0,0,0,0,0,0,0,0,0,0,0,0,0,0,0,0,0,0,0,1,0,0,0,0,1,0,0,0,6,6,0,6,0,0,0,6,1,1,1,0,0,790,1390,26,39,0,0,0,1,5,14,0,0,0,1,0,5,0,11,0,0,1,0,0,0,0,0,0,0,0,1,1,105.69,7535591,71298,21577,4.3,10.3,35.1,56877,62,32.6295196218036,0.150743521505642,0.150743521505643
53061,53,"Snohomish","Washington","2020-03-23",5.96943802020776,1,5.84602580788275,48.070464,-121.936784,2086.5178232,786620,306420,289737,62597,19216,37671,42223,99868,180294,90402,22600,233415,25835,45089,14763,8860,14096,10931,8.1,0.4,4.6,0.2,37671,315,7.8,0.3,12.7,0.1,22.9,0,11.6,0.3,7.8,0.4,29.7,0.1,3.5,0.2,14.7,0.4,4.8,0.2,3.1,0.2,4.9,0.3,1.4,0.1,0.0838,0.3487,0.0608,0.1831,0.6764,0.1045,0.0914,0.5715,0.1585,0.433,1.2544,0.0799,0.6899,0.8685,1.5584,0.8367,0.9468,0.2194,0.7803,0.3572,0.3018,2.6055,0.5527,6.0947,0.2755,0,0,0,0,0,0,0,0,0,0,0,0,0,1,0,0,0,0,1,1,50134,6.5,0.3,632469,24,7,0,8,0,8,8,8,8,1,0,0,0,0,0,0,0,0,0,0,0,0,0,0,0,0,0,0,0,0,0,0,1,0,0,0,0,1,0,0,0,6,6,0,6,0,0,0,6,1,1,1,0,0,790,1390,26,39,0,0,0,1,5,14,0,0,0,1,0,5,0,11,0,0,1,0,0,0,0,0,0,0,0,1,1,105.69,7535591,71298,21577,4.3,10.3,35.1,56877,62,13.6300866198994,0.123412212325019,0.123412212325018
53061,53,"Snohomish","Washington","2020-03-22",5.84602580788275,0,5.84602580788275,48.070464,-121.936784,2086.5178232,786620,306420,289737,62597,19216,37671,42223,99868,180294,90402,22600,233415,25835,45089,14763,8860,14096,10931,8.1,0.4,4.6,0.2,37671,315,7.8,0.3,12.7,0.1,22.9,0,11.6,0.3,7.8,0.4,29.7,0.1,3.5,0.2,14.7,0.4,4.8,0.2,3.1,0.2,4.9,0.3,1.4,0.1,0.0838,0.3487,0.0608,0.1831,0.6764,0.1045,0.0914,0.5715,0.1585,0.433,1.2544,0.0799,0.6899,0.8685,1.5584,0.8367,0.9468,0.2194,0.7803,0.3572,0.3018,2.6055,0.5527,6.0947,0.2755,0,0,0,0,0,0,0,0,0,0,0,0,0,1,0,0,0,0,1,1,50134,6.5,0.3,632469,24,7,0,8,0,8,8,8,8,1,0,0,0,0,0,0,0,0,0,0,0,0,0,0,0,0,0,0,0,0,0,0,1,0,0,0,0,1,0,0,0,6,6,0,6,0,0,0,6,1,1,1,0,0,790,1390,26,39,0,0,0,1,5,14,0,0,0,1,0,5,0,11,0,0,1,0,0,0,0,0,0,0,0,1,1,105.69,7535591,71298,21577,4.3,10.3,35.1,56877,62,13.6300866198994,0.123412212325019,0
99999,36,"New York City","New York","2020-03-22",8.1662568521842,0,8.1662568521842,40.658566,-73.95064,57.5186516,1632480,855716,758133,295165,70250,31984,258956,257362,361080,209900,60827,1303998,210911,358674,732,61715,292462,40893,16.6,0.4,6.2,0.2,31984,267,18.4,0.3,14.8,0.1,22,0,10.2,0.2,7.8,0.2,63.8,0,12,0.2,40.9,0.4,0.1,0.1,9.5,0.3,55.8,0.4,1.6,0.1,0.6258,0.6207,0.1736,0.7883,2.0319,0.5223,0.1974,0.4502,0.0755,0.433,1.198,0.0697,0.943,0.9847,1.9277,0.9799,0.9981,0.0022,0.9863,0.9981,0.3792,3.3665,0.9096,8.124,0.6201,0,0,0,0,0,0,0,0,0,0,1,1,2,1,0,1,1,0,3,5,136920,8.2,0.2,1164366,17,6,0,11,2,8,8,8,8,2,1,0,0,0,1,0,0,0,0,0,0,0,0,0,0,0,0,0,0,0,1,0,0,0,0,0,0,1,8,8,0,2,2,0,11,3,0,0,12,0,0,0,1,0,504,1104,26,39,0,0,0,1,0,8,0,9,23,0,0,4,0,10,0,1,0,0,0,0,0,0,0,0,0,0,1,358.21,19542209,54555,92091,5,13.6,36.9,157183,62,40.2227038506082,0.393037515250667,0
99999,36,"New York City","New York","2020-03-23",8.55929436743487,1,8.1662568521842,40.658566,-73.95064,57.5186516,1632480,855716,758133,295165,70250,31984,258956,257362,361080,209900,60827,1303998,210911,358674,732,61715,292462,40893,16.6,0.4,6.2,0.2,31984,267,18.4,0.3,14.8,0.1,22,0,10.2,0.2,7.8,0.2,63.8,0,12,0.2,40.9,0.4,0.1,0.1,9.5,0.3,55.8,0.4,1.6,0.1,0.6258,0.6207,0.1736,0.7883,2.0319,0.5223,0.1974,0.4502,0.0755,0.433,1.198,0.0697,0.943,0.9847,1.9277,0.9799,0.9981,0.0022,0.9863,0.9981,0.3792,3.3665,0.9096,8.124,0.6201,0,0,0,0,0,0,0,0,0,0,1,1,2,1,0,1,1,0,3,5,136920,8.2,0.2,1164366,17,6,0,11,2,8,8,8,8,2,1,0,0,0,1,0,0,0,0,0,0,0,0,0,0,0,0,0,0,0,1,0,0,0,0,0,0,1,8,8,0,2,2,0,11,3,0,0,12,0,0,0,1,0,504,1104,26,39,0,0,0,1,0,8,0,9,23,0,0,4,0,10,0,1,0,0,0,0,0,0,0,0,0,0,1,358.21,19542209,54555,92091,5,13.6,36.9,157183,62,40.2227038506082,0.393037515250667,0.39303751525067
