"fips","date.x","days_from_start.x","county","state","log_rolled_cases.x","r.lm","t0.lm","predicted.lm","r.slm","t0.slm","predicted.slm","date.y","days_from_start.y","log_rolled_cases.y","lm.mse","slm.mse","lm.mape","slm.mape"
1073,2020-03-27,66,"Jefferson","Alabama",4.72612279640575,0.178279105609384,39.4903157593753,5.97407653567144,0.178279105609382,39.4903157593751,5.97407653567143,2020-04-03,73,5.64997976866322,0.10503871438518,0.105038714385173,0.057362465049127,0.0573624650491251
1081,2020-03-27,66,"Lee","Alabama",3.41538201665411,0.219628609206767,50.449284503556,4.95278228110148,0.219628609206765,50.4492845035559,4.95278228110147,2020-04-03,73,4.31367131500961,0.408462826978884,0.408462826978867,0.148159402842784,0.148159402842781
1089,2020-03-27,66,"Madison","Alabama",3.3722098447889,0.300840157029292,54.7906924458208,5.47809094399395,0.300840157029289,54.7906924458207,5.47809094399393,2020-04-03,73,4.57176112385696,0.821433742869544,0.821433742869502,0.198245226638693,0.198245226638688
1117,2020-03-27,66,"Shelby","Alabama",3.56347818757266,0.278279719773394,53.1946177375971,5.51143622598643,0.278279719773391,53.194617737597,5.5114362259864,2020-04-03,73,4.48057830840238,1.06266804624572,1.06266804624568,0.230072514445488,0.230072514445484
4013,2020-03-27,66,"Maricopa","Arizona",5.29042919369903,0.299996606920296,48.3650365648815,7.3904054421411,0.299996606920292,48.3650365648813,7.39040544214107,2020-04-03,73,6.62690694610892,0.582929953443397,0.582929953443356,0.11521189330725,0.115211893307246
4017,2020-03-27,66,"Navajo","Arizona",3.3964241029095,0.248584051158052,52.3369186917385,5.13651246101586,0.248584051158049,52.3369186917384,5.13651246101585,2020-04-03,73,4.56880254181722,0.322294552356534,0.322294552356514,0.124257924040824,0.12425792404082
4019,2020-03-27,66,"Pima","Arizona",3.81299162482197,0.333951756395883,54.5822082028463,6.15065391959315,0.333951756395879,54.5822082028462,6.15065391959312,2020-04-03,73,5.25227342804663,0.807087507591364,0.807087507591316,0.171046024898333,0.171046024898328
5023,2020-03-27,66,"Cleburne","Arkansas",3.5179216559703,0.165514438477574,44.7455300677774,4.67652272531331,0.165514438477572,44.7455300677771,4.6765227253133,2020-04-03,73,4.04555439805267,0.398121030006097,0.398121030006076,0.155965849220656,0.155965849220652
5069,2020-03-27,66,"Jefferson","Arkansas",3.05803615689015,0.0272125635248868,-46.3758941010269,3.24852410156435,0.0272125635248863,-46.3758941010289,3.24852410156435,2020-04-03,73,3.66356164612965,0.172256163398787,0.17225616339879,0.113287992575137,0.113287992575138
5119,2020-03-27,66,"Pulaski","Arkansas",4.15216413311093,0.157903029445811,39.7043415336381,5.2574853392316,0.157903029445809,39.7043415336378,5.25748533923159,2020-04-03,73,4.65396035015752,0.364242412436869,0.364242412436854,0.129679873412255,0.129679873412252
6001,2020-03-27,66,"Alameda","California",5.03787981620282,0.169247067998178,36.2335770079215,6.22260929219006,0.169247067998176,36.2335770079213,6.22260929219005,2020-04-03,73,5.79475425286193,0.18305993467848,0.183059934678472,0.0738348893944597,0.073834889394458
6013,2020-03-27,66,"Contra Costa","California",4.52798054729696,0.173104901689031,39.8425630752437,5.73971485912018,0.17310490168903,39.8425630752437,5.73971485912018,2020-04-03,73,5.37329230971254,0.134265484714396,0.134265484714393,0.068193302781111,0.0681933027811101
6037,2020-03-27,66,"Los Angeles","California",6.63688349944487,0.239715777330809,38.3135307431769,8.31489394076053,0.239715777330805,38.3135307431765,8.31489394076051,2020-04-03,73,8.00712918231006,0.0947191465440779,0.0947191465440604,0.0384363423448206,0.038436342344817
6041,2020-03-27,66,"Marin","California",3.9262076404201,0.0882926071456807,21.5318642483628,4.54425589043987,0.0882926071456787,21.5318642483618,4.54425589043985,2020-04-03,73,4.58642414316704,0.00177816153806234,0.00177816153806353,0.00919414589904241,0.00919414589904551
6059,2020-03-27,66,"Orange","California",5.14082778545526,0.235553007016838,44.1754949743104,6.78969883457313,0.235553007016835,44.1754949743101,6.78969883457311,2020-04-03,73,6.24444425470795,0.297302556863955,0.297302556863929,0.0873183517418848,0.0873183517418812
6065,2020-03-27,66,"Riverside","California",4.33448568990488,0.337596463833497,53.160749136156,6.69766093673936,0.337596463833494,53.160749136156,6.69766093673934,2020-04-03,73,5.85548117123617,0.709266757423,0.709266757422973,0.143827593476044,0.143827593476041
6067,2020-03-27,66,"Sacramento","California",4.47571211875121,0.195085598519055,43.0577010669804,5.84131130838459,0.195085598519053,43.0577010669801,5.84131130838457,2020-04-03,73,5.50184113099259,0.115240001338554,0.115240001338543,0.0617011958923562,0.0617011958923533
6071,2020-03-27,66,"San Bernardino","California",3.55534806148941,0.238568021639844,51.0971306336405,5.22532421296832,0.23856802163984,51.0971306336403,5.22532421296829,2020-04-03,73,5.25302109163286,0.000767117087758347,0.000767117087759676,0.0052725618613369,0.00527256186134146
6073,2020-03-27,66,"San Diego","California",5.58938655338878,0.162550336039768,31.614426339781,6.72723890566715,0.162550336039764,31.6144263397802,6.72723890566712,2020-04-03,73,6.60645711736858,0.0145882403846009,0.014588240384594,0.0182823843631759,0.0182823843631716
6075,2020-03-27,66,"San Francisco","California",5.09375020080676,0.190594067228619,39.2743506926857,6.4279086714071,0.190594067228616,39.2743506926853,6.42790867140708,2020-04-03,73,5.94467238560122,0.233517307919455,0.233517307919436,0.081288968417559,0.0812889684175557
6077,2020-03-27,66,"San Joaquin","California",4.07511320029421,0.174584574291805,42.6582287305466,5.29720522033685,0.174584574291804,42.6582287305464,5.29720522033684,2020-04-03,73,4.94469897109185,0.124260655756778,0.124260655756771,0.0712897289209826,0.0712897289209806
6079,2020-03-27,66,"San Luis Obispo","California",3.71705033108063,0.161702269591221,43.0129983921855,4.84896621821918,0.161702269591218,43.0129983921852,4.84896621821916,2020-04-03,73,4.38202663467388,0.218032574681452,0.218032574681438,0.106557906300824,0.10655790630082
6081,2020-03-27,66,"San Mateo","California",5.06169046489654,0.128244809491416,26.5310305737141,5.95940413133645,0.128244809491414,26.5310305737136,5.95940413133644,2020-04-03,73,5.82852536124765,0.0171292524599583,0.0171292524599551,0.022454868423321,0.0224548684233188
6083,2020-03-27,66,"Santa Barbara","California",3.25809653802148,0.234193387500797,52.0880079801126,4.89745025052706,0.234193387500794,52.0880079801124,4.89745025052704,2020-04-03,73,4.63195120866574,0.0704897412292831,0.0704897412292685,0.0573190497699147,0.0573190497699088
6085,2020-03-27,66,"Santa Clara","California",5.94129843675862,0.139611747121045,23.4441366197686,6.91858066660593,0.139611747121045,23.4441366197684,6.91858066660593,2020-04-03,73,6.67239454372934,0.0606076070970121,0.0606076070970094,0.0368962178814745,0.0368962178814737
6087,2020-03-27,66,"Santa Cruz","California",3.17208366336144,0.120781538652646,39.7370156172293,4.01755443392996,0.120781538652644,39.7370156172289,4.01755443392995,2020-04-03,73,3.85620822632175,0.0260325987095528,0.0260325987095485,0.0418406367443788,0.0418406367443754
6097,2020-03-27,66,"Sonoma","California",3.36729582998647,0.201218190685247,49.2654502134266,4.7758231647832,0.201218190685245,49.2654502134265,4.77582316478319,2020-04-03,73,4.31367131500961,0.213584332249156,0.21358433224914,0.107136547044166,0.107136547044162
6111,2020-03-27,66,"Ventura","California",3.8098320645316,0.214478668428488,48.2367786388888,5.31118274353102,0.214478668428486,48.2367786388886,5.311182743531,2020-04-03,73,4.93138592244212,0.144245625309233,0.144245625309218,0.077016243924551,0.077016243924547
8001,2020-03-27,66,"Adams","Colorado",3.54715129428523,0.278125685731564,53.2462290386627,5.49403109440618,0.278125685731562,53.2462290386626,5.49403109440617,2020-04-03,73,5.21260384827401,0.0792012948655403,0.0792012948655308,0.0539897629522262,0.053989762952223
8005,2020-03-27,66,"Arapahoe","Colorado",4.40322884232448,0.24658039676623,48.1428268423992,6.1292916196881,0.246580396766229,48.1428268423991,6.12929161968808,2020-04-03,73,5.82768431830488,0.090966964247665,0.090966964247658,0.0517542277360253,0.0517542277360233
8013,2020-03-27,66,"Boulder","Colorado",3.90341463089155,0.1589653256228,41.4448675168712,5.01617191025114,0.158965325622799,41.4448675168711,5.01617191025114,2020-04-03,73,4.68609162834031,0.108952992506334,0.10895299250633,0.0704382901765275,0.0704382901765262
8031,2020-03-27,66,"Denver","Colorado",5.24401202169049,0.190499703237844,38.4723349561169,6.5775099443554,0.190499703237842,38.4723349561167,6.57750994435539,2020-04-03,73,6.25382881157547,0.104769475717698,0.104769475717689,0.0517572742286796,0.0517572742286773
8035,2020-03-27,66,"Douglas","Colorado",3.95124371858143,0.183421062127373,44.4580697944188,5.23519115347304,0.183421062127371,44.4580697944187,5.23519115347303,2020-04-03,73,4.91893762891555,0.100016291795035,0.100016291795027,0.0642930543982547,0.0642930543982524
8037,2020-03-27,66,"Eagle","Colorado",4.70307440096946,0.15070240054834,34.792306002711,5.75799120480784,0.150702400548339,34.7923060027109,5.75799120480784,2020-04-03,73,5.49423653160737,0.0695665276350835,0.0695665276350821,0.0480057004614071,0.0480057004614066
8041,2020-03-27,66,"El Paso","Colorado",4.52952256764878,0.221603905128618,45.5602764083969,6.0807499035491,0.221603905128616,45.5602764083967,6.08074990354909,2020-04-03,73,5.58134577031847,0.249404488287837,0.249404488287823,0.0894773686816638,0.0894773686816612
8051,2020-03-27,66,"Gunnison","Colorado",3.68171096463532,0.207086114418353,48.2213528175164,5.1313137655638,0.207086114418351,48.2213528175162,5.13131376556378,2020-04-03,73,4.38559170083838,0.55610139781834,0.556101397818314,0.170039099759985,0.170039099759981
8059,2020-03-27,66,"Jefferson","Colorado",4.43928424994241,0.215583666506272,45.4080677730135,5.94836991548631,0.215583666506269,45.4080677730133,5.9483699154863,2020-04-03,73,5.688427086573,0.0675702743034544,0.0675702743034456,0.0456967848857342,0.0456967848857312
8069,2020-03-27,66,"Larimer","Colorado",3.75118333745009,0.220629934573899,48.9978495678987,5.29559287946739,0.220629934573895,48.9978495678984,5.29559287946736,2020-04-03,73,4.57323713888508,0.521797815952208,0.521797815952168,0.157952828301925,0.157952828301919
8123,2020-03-27,66,"Weld","Colorado",4.24029847484518,0.253963436452486,49.3035080400698,6.01804253001258,0.253963436452482,49.3035080400695,6.01804253001255,2020-04-03,73,5.50938833662798,0.258729088447743,0.258729088447713,0.0923249846090768,0.0923249846090715
9001,2020-03-27,66,"Fairfield","Connecticut",6.00740819750512,0.245356814724941,41.5156252568743,7.72490590057971,0.24535681472494,41.5156252568742,7.7249059005797,2020-04-03,73,7.44700174847003,0.0772307177597957,0.0772307177597912,0.0373175892118955,0.0373175892118944
9003,2020-03-27,66,"Hartford","Connecticut",4.5613675633297,0.268953087345507,49.0402855444079,6.44403917474824,0.268953087345504,49.0402855444078,6.44403917474823,2020-04-03,73,6.0119672094345,0.186686183210083,0.186686183210067,0.0718686496885248,0.0718686496885217
9005,2020-03-27,66,"Litchfield","Connecticut",3.28519846779927,0.268263986594684,53.7538595116652,5.16304637396206,0.26826398659468,53.753859511665,5.16304637396204,2020-04-03,73,4.76461296039711,0.158749185045014,0.158749185044997,0.0836234583746204,0.0836234583746157
9009,2020-03-27,66,"New Haven","Connecticut",4.57323713888508,0.332938664039906,52.264025080797,6.90380778716442,0.332938664039903,52.2640250807969,6.9038077871644,2020-04-03,73,6.20743960894358,0.484928639638618,0.484928639638587,0.112182835772986,0.112182835772982
10003,2020-03-27,66,"New Castle","Delaware",4.21740465497933,0.176862798750206,42.1543711578611,5.45544424623077,0.176862798750204,42.1543711578607,5.45544424623075,2020-04-03,73,5.24927717112339,0.0425048628583315,0.0425048628583242,0.0392753265614392,0.0392753265614358
11001,2020-03-27,66,"District of Columbia","District of Columbia",5.05259949319529,0.193895122187976,39.9415853468613,6.40986534851112,0.193895122187974,39.9415853468609,6.4098653485111,2020-04-03,73,6.19818831428321,0.0448071668195227,0.044807166819516,0.0341514364350814,0.0341514364350788
12001,2020-03-27,66,"Alachua","Florida",3.73426245996176,0.166743862852089,43.6047981851407,4.90146949992638,0.166743862852087,43.6047981851404,4.90146949992636,2020-04-03,73,4.45101950616083,0.202905196883379,0.202905196883367,0.101201532175282,0.101201532175279
12011,2020-03-27,66,"Broward","Florida",5.86808552594748,0.223143551314212,39.702643471491,7.43009038514696,0.22314355131421,39.7026434714907,7.43009038514695,2020-04-03,73,7.10026287670695,0.108786185323744,0.108786185323734,0.046452858741616,0.0464528587416139
12021,2020-03-27,66,"Collier","Florida",3.91202300542815,0.188052231502942,45.1971465897391,5.22838862594874,0.18805223150294,45.1971465897389,5.22838862594873,2020-04-03,73,4.96284463025991,0.0705136136463899,0.0705136136463847,0.0535064092213832,0.0535064092213813
12031,2020-03-27,66,"Duval","Florida",4.00992722040952,0.232252267512453,48.7346046462409,5.63569309299669,0.232252267512449,48.7346046462407,5.63569309299666,2020-04-03,73,5.32856940971856,0.0943249568303267,0.0943249568303103,0.0576371741950067,0.0576371741950017
12057,2020-03-27,66,"Hillsborough","Florida",4.62216776235667,0.215448515092416,44.546300212958,6.13030736800358,0.215448515092412,44.5463002129576,6.13030736800355,2020-04-03,73,5.75030249029109,0.144403707085279,0.144403707085257,0.06608432832083,0.066084328320825
12071,2020-03-27,66,"Lee","Florida",3.75787232560089,0.301105092783927,53.5197317625659,5.86560797508838,0.301105092783923,53.5197317625657,5.86560797508835,2020-04-03,73,5.29330482472449,0.327530895916429,0.327530895916396,0.108118305919341,0.108118305919335
12086,2020-03-27,66,"Miami-Dade","Florida",6.07665879793294,0.279299246159255,44.2431965660657,8.03175352104773,0.279299246159252,44.2431965660655,8.03175352104771,2020-04-03,73,7.67002865547427,0.130844878374135,0.130844878374121,0.0471608232278617,0.0471608232278592
12095,2020-03-27,66,"Orange","Florida",4.31558153526573,0.331902540931153,52.997443517129,6.6388993217838,0.331902540931148,52.9974435171288,6.63889932178377,2020-04-03,73,5.9632120341561,0.45655331066168,0.456553310661635,0.113309284284627,0.113309284284621
12097,2020-03-27,66,"Osceola","Florida",3.5179216559703,0.201141616120725,48.5102247669182,4.92591296881537,0.201141616120723,48.510224766918,4.92591296881536,2020-04-03,73,4.81912882772523,0.0114028527883589,0.0114028527883558,0.0221583910510533,0.0221583910510504
12099,2020-03-27,66,"Palm Beach","Florida",4.79932620042905,0.260601113849108,47.583631284063,6.6235339973728,0.260601113849106,47.5836312840629,6.62353399737279,2020-04-03,73,6.29658300413231,0.106896951980942,0.106896951980935,0.0519251462302517,0.05192514623025
12103,2020-03-27,66,"Pinellas","Florida",3.91202300542815,0.184609887311967,44.8092443888591,5.20429221661191,0.184609887311966,44.809244388859,5.20429221661191,2020-04-03,73,5.22728159343128,0.000528511446542919,0.000528511446543164,0.0043979602798245,0.00439796027982552
12115,2020-03-27,66,"Sarasota","Florida",3.25809653802148,0.200060381131337,49.714434014386,4.65851920594084,0.200060381131336,49.7144340143859,4.65851920594083,2020-04-03,73,4.38023932409979,0.0774396926374724,0.0774396926374655,0.0635307482652784,0.0635307482652755
12117,2020-03-27,66,"Seminole","Florida",3.3770998300831,0.223143551314213,50.8657968819017,4.93910468928259,0.223143551314211,50.8657968819016,4.93910468928258,2020-04-03,73,4.70695288029804,0.0538944624147992,0.0538944624147943,0.0493210395107781,0.0493210395107759
13015,2020-03-27,66,"Bartow","Georgia",4.31558153526573,0.10451269873549,24.7075868532686,5.04717042641416,0.104512698735488,24.7075868532677,5.04717042641414,2020-04-03,73,4.89034912822175,0.0245929195667517,0.0245929195667467,0.0320675056280553,0.0320675056280521
13045,2020-03-27,66,"Carroll","Georgia",3.54302757710137,0.215938167592942,49.5923976914529,5.05459475025197,0.215938167592939,49.5923976914527,5.05459475025194,2020-04-03,73,4.69396568477122,0.130053322869517,0.1300533228695,0.0768282279205293,0.0768282279205245
13057,2020-03-27,66,"Cherokee","Georgia",3.43858491373377,0.164139237710766,45.0508049038646,4.58755957770913,0.164139237710764,45.0508049038644,4.58755957770912,2020-04-03,73,4.32696685749085,0.0679085658307621,0.0679085658307565,0.0602252637473153,0.0602252637473128
13067,2020-03-27,66,"Cobb","Georgia",4.52798054729696,0.184175125443281,41.4148094841863,5.81720642539993,0.184175125443278,41.4148094841858,5.81720642539991,2020-04-03,73,5.60000800215401,0.0471751550605149,0.0471751550605045,0.0387853772998857,0.0387853772998815
13089,2020-03-27,66,"DeKalb","Georgia",4.68080760019371,0.267143880576653,48.4783274462818,6.55081476423028,0.267143880576649,48.4783274462815,6.55081476423025,2020-04-03,73,5.82894561761021,0.521095064841997,0.521095064841956,0.123842148130391,0.123842148130386
13095,2020-03-27,66,"Dougherty","Georgia",4.62076228074793,0.240522956648147,46.788685017258,6.30442297728496,0.240522956648145,46.7886850172579,6.30442297728495,2020-04-03,73,5.94242435168334,0.13104300493746,0.131043004937452,0.0609176666252507,0.0609176666252488
13121,2020-03-27,66,"Fulton","Georgia",5.22035582507832,0.204969928223472,40.5311135622454,6.65514532264263,0.204969928223469,40.531113562245,6.65514532264261,2020-04-03,73,6.35759464981747,0.0885364028987045,0.0885364028986918,0.0468023976385002,0.0468023976384968
13135,2020-03-27,66,"Gwinnett","Georgia",4.02789946281395,0.286834255529444,51.9573973987898,6.03573925152005,0.286834255529441,51.9573973987897,6.03573925152004,2020-04-03,73,5.41355748920031,0.387110145363308,0.387110145363285,0.114930295570142,0.114930295570139
15003,2020-03-27,66,"Honolulu","Hawaii",4.09196077086682,0.151766888471985,39.037855542369,5.15432899017072,0.151766888471983,39.0378555423687,5.15432899017071,2020-04-03,73,5.08406276265107,0.0049373427298429,0.00493734272984115,0.01382088121253,0.0138208812125276
16001,2020-03-27,66,"Ada","Idaho",3.48343547989913,0.379489621704907,56.8207358497728,6.13986283183348,0.379489621704904,56.8207358497727,6.13986283183346,2020-04-03,73,5.30756023362922,0.692727614977569,0.69272761497753,0.156814536541802,0.156814536541798
16013,2020-03-27,66,"Blaine","Idaho",3.83791503327442,0.274436845701762,52.0153070063879,5.75897295318676,0.274436845701759,52.0153070063878,5.75897295318674,2020-04-03,73,5.41673512136251,0.117126733531762,0.117126733531747,0.0631815704767491,0.0631815704767452
17031,2020-03-27,66,"Cook","Illinois",7.15047734284484,0.226286443114429,34.4007700840083,8.73448244464585,0.226286443114428,34.400770084008,8.73448244464584,2020-04-03,73,8.39159757400625,0.117570034513534,0.117570034513525,0.0408604997577237,0.0408604997577222
17043,2020-03-27,66,"DuPage","Illinois",4.79697048673659,0.174802724379926,38.5578047839198,6.02058955739607,0.174802724379924,38.5578047839195,6.02058955739605,2020-04-03,73,5.84519936155472,0.0307617207972691,0.0307617207972635,0.0300058535205727,0.0300058535205699
17089,2020-03-27,66,"Kane","Illinois",3.5179216559703,0.333933090102542,55.4651900029133,5.85545328668809,0.333933090102538,55.4651900029132,5.85545328668806,2020-04-03,73,4.79814903725603,1.11789227586709,1.11789227586703,0.220356691970683,0.220356691970677
17097,2020-03-27,66,"Lake","Illinois",4.84643427841549,0.220061884776802,43.9769482419411,6.38686747185311,0.220061884776801,43.976948241941,6.3868674718531,2020-04-03,73,6.01754991758366,0.136395455891568,0.136395455891561,0.0613734093323067,0.061373409332305
17197,2020-03-27,66,"Will","Illinois",3.72397077392521,0.371563556432487,55.977567203629,6.32491566895261,0.371563556432481,55.9775672036288,6.32491566895257,2020-04-03,73,5.60947179518496,0.511859936511663,0.511859936511609,0.127542110895677,0.12754211089567
18057,2020-03-27,66,"Hamilton","Indiana",3.33729357968267,0.27925742279253,54.0494006343313,5.29209553923039,0.279257422792527,54.0494006343312,5.29209553923036,2020-04-03,73,4.93550115458722,0.127159555159037,0.127159555159021,0.0722508968135351,0.0722508968135306
18097,2020-03-27,66,"Marion","Indiana",5.27519494912718,0.402181032906975,52.8835312520883,8.090462179476,0.40218103290697,52.8835312520882,8.09046217947597,2020-04-03,73,6.87035005967927,1.48867358487489,1.4886735848748,0.177590968320135,0.17759096832013
19103,2020-03-27,66,"Johnson","Iowa",3.69244452027843,0.137096458789019,39.0668133014229,4.65211973180157,0.137096458789018,39.0668133014227,4.65211973180156,2020-04-03,73,4.18314006100523,0.219941931620237,0.21994193162023,0.112111873845227,0.112111873845225
20091,2020-03-27,66,"Johnson","Kansas",3.70657903121334,0.15532095497545,42.1360015343764,4.79382571604149,0.155320954975447,42.1360015343759,4.79382571604147,2020-04-03,73,4.83628190695148,0.00180252814658541,0.00180252814658722,0.0087786840649144,0.0087786840649188
21111,2020-03-27,66,"Jefferson","Kentucky",3.70306408910589,0.193653122803508,46.8778498611496,5.05863594873045,0.193653122803506,46.8778498611495,5.05863594873043,2020-04-03,73,5.12989871492307,0.00507838184542509,0.00507838184542674,0.0138916516977853,0.0138916516977875
22005,2020-03-27,66,"Ascension","Louisiana",3.85922481986117,0.299803432984129,53.1274828928811,5.95784885075008,0.299803432984126,53.127482892881,5.95784885075006,2020-04-03,73,5.09111746563097,0.751223293950495,0.75122329395046,0.170243839583398,0.170243839583394
22017,2020-03-27,66,"Caddo","Louisiana",4.16333743370905,0.328504066972038,53.3263747627714,6.46286590251332,0.328504066972036,53.3263747627713,6.4628659025133,2020-04-03,73,5.56888961143336,0.799193609013084,0.799193609013054,0.160530438463811,0.160530438463808
22033,2020-03-27,66,"East Baton Rouge","Louisiana",4.1155467698727,0.305714705341109,52.5379496047444,6.25554970726046,0.305714705341106,52.5379496047443,6.25554970726044,2020-04-03,73,5.44919739750717,0.650204047444464,0.65020404744443,0.147976344208446,0.147976344208442
22051,2020-03-27,66,"Jefferson","Louisiana",5.75075693247115,0.212298438240331,38.9119206898685,7.23684600015347,0.212298438240331,38.9119206898684,7.23684600015346,2020-04-03,73,7.18841273649695,0.00234578102842137,0.00234578102842094,0.00673768541567023,0.00673768541566962
22071,2020-03-27,66,"Orleans","Louisiana",6.54924191148404,0.176653740035022,28.926106686529,7.7858180917292,0.176653740035019,28.9261066865284,7.78581809172918,2020-04-03,73,7.60872889579155,0.031360583317843,0.0313605833178357,0.0232744783475724,0.0232744783475697
22103,2020-03-27,66,"St. Tammany","Louisiana",4.06535702534885,0.271474262224933,51.0248896818791,5.96567686092338,0.271474262224929,51.0248896818789,5.96567686092335,2020-04-03,73,5.51802645541361,0.20039088555306,0.200390885553035,0.0811250923000901,0.081125092300085
23005,2020-03-27,66,"Cumberland","Maine",4.27864828022005,0.117535541533108,29.596983308961,5.1013970709518,0.117535541533106,29.5969833089602,5.10139707095179,2020-04-03,73,5.12481395820496,0.000548350608627163,0.000548350608627995,0.00456931460227312,0.00456931460227659
24003,2020-03-27,66,"Anne Arundel","Maryland",3.42006586596654,0.278379679789473,53.7143839358067,5.36872362449285,0.27837967978947,53.7143839358066,5.36872362449283,2020-04-03,73,4.98848706087325,0.144579844313245,0.144579844313229,0.0762228224669471,0.0762228224669428
24005,2020-03-27,66,"Baltimore","Maryland",3.91772102654278,0.295286671837005,52.732482701741,5.98472772940182,0.295286671837002,52.7324827017409,5.9847277294018,2020-04-03,73,5.53508201381421,0.202181269546295,0.202181269546272,0.0812356012910748,0.0812356012910704
24027,2020-03-27,66,"Howard","Maryland",3.55534806148941,0.197953302485655,48.0394607372258,4.941021178889,0.197953302485652,48.0394607372256,4.94102117888898,2020-04-03,73,4.76095218754743,0.0324248416427672,0.0324248416427599,0.0378220541286978,0.0378220541286935
24031,2020-03-27,66,"Montgomery","Maryland",4.78749174278205,0.201067599615013,42.1896409369351,6.19496494008714,0.20106759961501,42.1896409369347,6.19496494008712,2020-04-03,73,5.97162620488832,0.0498801906402095,0.0498801906401996,0.0373999857887955,0.0373999857887918
24033,2020-03-27,66,"Prince George's","Maryland",4.26869794936688,0.263965545834468,49.8285790826513,6.11645677020815,0.263965545834464,49.8285790826511,6.11645677020812,2020-04-03,73,5.86241290133574,0.0645382873116622,0.0645382873116468,0.0433343527909005,0.0433343527908954
24510,2020-03-27,66,"Baltimore city","Maryland",3.88008995832514,0.316611770752476,53.744959863294,6.09637235359247,0.316611770752472,53.7449598632939,6.09637235359244,2020-04-03,73,5.24627190965793,0.722670764777696,0.722670764777648,0.162038959964994,0.162038959964989
25001,2020-03-27,66,"Barnstable","Massachusetts",3.81928095372953,0.327111793861653,54.3242334107194,6.1090635107611,0.327111793861648,54.3242334107192,6.10906351076107,2020-04-03,73,5.35185813347607,0.573359983389371,0.573359983389324,0.14148457571188,0.141484575711874
25003,2020-03-27,66,"Berkshire","Massachusetts",3.89473150831808,0.268487625195636,51.4938137075027,5.77414488468753,0.268487625195632,51.4938137075025,5.77414488468751,2020-04-03,73,5.11628148323124,0.43278425497564,0.432784254975606,0.128582331447645,0.12858233144764
25005,2020-03-27,66,"Bristol","Massachusetts",3.99162605602711,0.388460120187211,55.7244894685626,6.71084689733759,0.388460120187206,55.7244894685625,6.71084689733756,2020-04-03,73,5.77144112313002,0.882483208614529,0.882483208614467,0.162767973226435,0.162767973226429
25009,2020-03-27,66,"Essex","Massachusetts",5.01727983681492,0.357892064922036,51.9810252068374,7.52252429126918,0.357892064922032,51.9810252068373,7.52252429126915,2020-04-03,73,6.67510237099992,0.718123910952833,0.718123910952784,0.126952647790226,0.126952647790222
25013,2020-03-27,66,"Hampden","Massachusetts",3.54302757710137,0.432691920808386,57.8116622781354,6.57187102276008,0.43269192080838,57.8116622781353,6.57187102276004,2020-04-03,73,5.91079664404053,0.437019334199439,0.437019334199385,0.11184184104626,0.111841841046253
25017,2020-03-27,66,"Middlesex","Massachusetts",5.90263333340137,0.233738117745607,40.7468089914816,7.53880015762061,0.233738117745604,40.7468089914813,7.53880015762059,2020-04-03,73,7.23056315340929,0.0950100507651689,0.0950100507651585,0.0426297368090869,0.0426297368090845
25021,2020-03-27,66,"Norfolk","Massachusetts",5.18017712424381,0.298458038796278,48.6435329229658,7.26938339581776,0.298458038796273,48.6435329229654,7.26938339581772,2020-04-03,73,6.57507584059962,0.482062981232993,0.48206298123294,0.105596889229923,0.105596889229917
25023,2020-03-27,66,"Plymouth","Massachusetts",4.39444915467244,0.371651743742389,54.175895233473,6.99601136086916,0.371651743742386,54.1758952334729,6.99601136086914,2020-04-03,73,6.16871373736479,0.684421357855984,0.684421357855951,0.134111851955994,0.134111851955991
25025,2020-03-27,66,"Suffolk","Massachusetts",5.66296048013595,0.312457360417341,47.8760535115189,7.85016200305733,0.312457360417338,47.8760535115187,7.85016200305731,2020-04-03,73,7.24432955121387,0.367032959706666,0.367032959706638,0.08362850524131,0.0836285052413068
25027,2020-03-27,66,"Worcester","Massachusetts",4.57176112385696,0.341804002806519,52.6246120983994,6.9643891435026,0.341804002806514,52.6246120983992,6.96438914350256,2020-04-03,73,6.19557089240211,0.591081503225214,0.591081503225155,0.124091591308127,0.124091591308121
26049,2020-03-27,66,"Genesee","Michigan",3.66356164612965,0.378363178330379,56.3173409677548,6.3121038944423,0.378363178330373,56.3173409677546,6.31210389444226,2020-04-03,73,5.39297798478357,0.844792437805988,0.844792437805919,0.170430124553089,0.170430124553082
26081,2020-03-27,66,"Kent","Michigan",3.42936825862885,0.160342650075182,44.6122515935661,4.55176680915513,0.16034265007518,44.6122515935659,4.55176680915512,2020-04-03,73,4.59943951127911,0.00227268652780171,0.00227268652780281,0.0103648938108813,0.0103648938108838
26099,2020-03-27,66,"Macomb","Michigan",5.45348793427604,0.205712264936247,39.4897287919797,6.89347378882978,0.205712264936245,39.4897287919793,6.89347378882975,2020-04-03,73,6.82421837848287,0.00479631186231819,0.00479631186231536,0.0101484751081928,0.0101484751081898
26125,2020-03-27,66,"Oakland","Michigan",6.14418563412565,0.208913580953861,36.5898218484771,7.60658070080267,0.208913580953858,36.5898218484768,7.60658070080265,2020-04-03,73,7.38815114991063,0.0477114687028987,0.0477114687028905,0.0295648459892003,0.0295648459891978
26161,2020-03-27,66,"Washtenaw","Michigan",4.17438726989564,0.339553903158623,53.7062603873366,6.551264592006,0.33955390315862,53.7062603873365,6.55126459200598,2020-04-03,73,5.77809450762075,0.597791979388288,0.597791979388259,0.133810563909176,0.133810563909173
26163,2020-03-27,66,"Wayne","Michigan",6.84039372922727,0.272315817815297,40.8806595808294,8.74660445393435,0.272315817815294,40.8806595808291,8.74660445393432,2020-04-03,73,8.24703290248174,0.249571735020771,0.249571735020746,0.0605759134660757,0.0605759134660727
27053,2020-03-27,66,"Hennepin","Minnesota",4.57618264911484,0.152191815341926,35.9314799627455,5.64152535650832,0.152191815341925,35.9314799627453,5.64152535650831,2020-04-03,73,5.277385530507,0.132597812880271,0.132597812880265,0.0690000425203607,0.069000042520359
27123,2020-03-27,66,"Ramsey","Minnesota",3.19575340744735,0.104710954089031,35.4802379058628,3.92873008607056,0.104710954089029,35.4802379058624,3.92873008607055,2020-04-03,73,3.9810158769151,0.00273380392423856,0.00273380392423968,0.0131337810400928,0.0131337810400955
28033,2020-03-27,66,"DeSoto","Mississippi",3.49650756146648,0.294923233708342,54.1443468610402,5.56097019742487,0.294923233708339,54.1443468610401,5.56097019742485,2020-04-03,73,4.44768060489532,1.23941371683462,1.23941371683458,0.250307900100609,0.250307900100605
28049,2020-03-27,66,"Hinds","Mississippi",3.44771739729705,0.217477813778533,50.146808645005,4.97006209374678,0.217477813778531,50.1468086450049,4.97006209374676,2020-04-03,73,4.53719720240189,0.187372014159024,0.187372014159013,0.0954035877293899,0.0954035877293872
29189,2020-03-27,66,"St. Louis","Missouri",4.67948221895265,0.369642326254597,53.3405130133025,7.26697850273482,0.369642326254592,53.3405130133024,7.26697850273479,2020-04-03,73,6.20715179774574,1.12323264460802,1.12323264460795,0.170742836573448,0.170742836573443
29510,2020-03-27,66,"St. Louis city","Missouri",3.54715129428523,0.311277893048469,54.6045511952469,5.72609654562452,0.311277893048464,54.6045511952467,5.72609654562448,2020-04-03,73,5.00490461938727,0.520117794469788,0.520117794469742,0.144097037023163,0.144097037023156
31055,2020-03-27,66,"Douglas","Nebraska",3.66721795733276,0.0718645612296444,14.9704258318074,4.17026988594027,0.0718645612296438,14.970425831807,4.17026988594026,2020-04-03,73,4.49024021931411,0.10238101423937,0.102381014239373,0.0712590680555443,0.0712590680555452
32003,2020-03-27,66,"Clark","Nevada",5.46443694876571,0.206197805785087,39.4990538431767,6.90782158926132,0.206197805785085,39.4990538431764,6.90782158926131,2020-04-03,73,6.7291411269765,0.0319267076023164,0.031926707602311,0.026553234493553,0.0265532344935507
32031,2020-03-27,66,"Washoe","Nevada",3.80348283685294,0.181048482147161,44.9919098368283,5.07082221188307,0.181048482147158,44.991909836828,5.07082221188305,2020-04-03,73,4.92725368515721,0.0206119218662341,0.0206119218662295,0.0291376364806108,0.0291376364806075
33015,2020-03-27,66,"Rockingham","New Hampshire",3.85620822632175,0.181717509659917,44.7791048119764,5.12823079394117,0.181717509659914,44.7791048119761,5.12823079394115,2020-04-03,73,4.89677313318311,0.053572648723591,0.0535726487235819,0.0472673849620633,0.0472673849620594
34003,2020-03-27,66,"Bergen","New Jersey",6.67510237099992,0.230063055213251,36.9857701193588,8.28554375749268,0.230063055213246,36.9857701193581,8.28554375749264,2020-04-03,73,8.02163143227092,0.0696497154039533,0.0696497154039345,0.0329000811680326,0.0329000811680282
34005,2020-03-27,66,"Burlington","New Jersey",3.81299162482197,0.241448877412575,50.207871804239,5.50313376670999,0.241448877412572,50.2078718042388,5.50313376670998,2020-04-03,73,5.37329230971254,0.0168588039552219,0.0168588039552175,0.0241642273514059,0.0241642273514028
34007,2020-03-27,66,"Camden","New Jersey",3.90052862600241,0.259190116657479,50.9510904339112,5.71485944260476,0.259190116657475,50.951090433911,5.71485944260474,2020-04-03,73,5.50416942075219,0.0443902853082394,0.0443902853082275,0.0382782588519568,0.0382782588519516
34013,2020-03-27,66,"Essex","New Jersey",5.93451619523709,0.327139738691985,47.8593845585214,8.22449436608098,0.327139738691982,47.8593845585213,8.22449436608096,2020-04-03,73,7.5505861313766,0.454152308802374,0.454152308802345,0.0892524398740307,0.0892524398740279
34017,2020-03-27,66,"Hudson","New Jersey",5.61780951935905,0.31735158831191,48.2978370795561,7.83927063754242,0.317351588311906,48.2978370795559,7.8392706375424,2020-04-03,73,7.40462685341415,0.18891521908134,0.188915219081318,0.0586989449614008,0.0586989449613973
34019,2020-03-27,66,"Hunterdon","New Jersey",3.29583686600433,0.244534741295532,52.5220097212234,5.00758005507305,0.244534741295529,52.5220097212233,5.00758005507303,2020-04-03,73,4.60230895370706,0.164244665602403,0.16424466560239,0.0880582128323989,0.0880582128323952
34021,2020-03-27,66,"Mercer","New Jersey",4.27268997063642,0.244790507822473,48.5455242989444,5.98622352539373,0.244790507822469,48.5455242989441,5.9862235253937,2020-04-03,73,5.6927696748208,0.0861151624160768,0.0861151624160591,0.0515485198480585,0.0515485198480532
34023,2020-03-27,66,"Middlesex","New Jersey",5.74665949901259,0.291949070696774,46.3162260962247,7.79030299389001,0.29194907069677,46.3162260962245,7.79030299388998,2020-04-03,73,7.19432959524138,0.355184291896798,0.355184291896769,0.0828393237700467,0.0828393237700432
34025,2020-03-27,66,"Monmouth","New Jersey",5.74620319054015,0.302549385917837,47.0073876927298,7.86404889196501,0.302549385917833,47.0073876927295,7.86404889196498,2020-04-03,73,7.05912658973499,0.647899912627283,0.647899912627231,0.114025763952229,0.114025763952224
34027,2020-03-27,66,"Morris","New Jersey",5.34370037239585,0.270313867736122,46.2314974916036,7.23589744654871,0.27031386773612,46.2314974916035,7.23589744654869,2020-04-03,73,6.70651299162103,0.280247901119078,0.280247901119061,0.0789358725747765,0.0789358725747741
34029,2020-03-27,66,"Ocean","New Jersey",5.40909177204994,0.318853427354725,49.0358048306869,7.64106576353301,0.318853427354721,49.0358048306867,7.64106576353299,2020-04-03,73,6.96197286488694,0.461167164991529,0.461167164991497,0.0975431694184151,0.0975431694184117
34031,2020-03-27,66,"Passaic","New Jersey",5.45471042831582,0.304727356273611,48.0997021894611,7.5878019222311,0.304727356273607,48.0997021894609,7.58780192223107,2020-04-03,73,7.1782185261018,0.167758558384806,0.167758558384782,0.0570591985518337,0.0570591985518297
34035,2020-03-27,66,"Somerset","New Jersey",4.67815507874458,0.28723949665346,49.7133989815177,6.68883155531881,0.287239496653457,49.7133989815176,6.68883155531879,2020-04-03,73,6.018940738392,0.448753706602865,0.448753706602838,0.11129712785738,0.111297127857377
34039,2020-03-27,66,"Union","New Jersey",5.57215403217776,0.296959083050586,47.235953536304,7.65086761353187,0.296959083050584,47.2359535363039,7.65086761353186,2020-04-03,73,7.28970803010514,0.130436244700967,0.130436244700959,0.0495437652557832,0.0495437652557817
35001,2020-03-27,66,"Bernalillo","New Mexico",3.85922481986117,0.195663173731531,46.2761820415098,5.22886703598189,0.195663173731528,46.2761820415095,5.22886703598187,2020-04-03,73,4.88388358845711,0.119013579066085,0.119013579066071,0.070637115172061,0.0706371151720568
36001,2020-03-27,66,"Albany","New York",4.95582705760126,0.135545491996226,29.4379057199537,5.90464550157484,0.135545491996224,29.4379057199532,5.90464550157483,2020-04-03,73,5.4249500174814,0.230107757459638,0.230107757459625,0.088423945390771,0.0884239453907685
36027,2020-03-27,66,"Dutchess","New York",4.87737597330037,0.227505608394373,44.5615132403875,6.46991523206099,0.227505608394369,44.5615132403871,6.46991523206096,2020-04-03,73,6.19905926803256,0.0733629532497675,0.0733629532497521,0.0436930754034214,0.0436930754034168
36029,2020-03-27,66,"Erie","New York",4.67815507874458,0.276676018143892,49.0915772529602,6.61488720575183,0.276676018143887,49.0915772529599,6.6148872057518,2020-04-03,73,6.24914754183976,0.133765501758509,0.133765501758486,0.0585263288253854,0.0585263288253804
36055,2020-03-27,66,"Monroe","New York",4.5776521570942,0.200997066222232,43.2252787409696,5.98463162064982,0.200997066222229,43.2252787409693,5.9846316206498,2020-04-03,73,5.72031177660741,0.0698649799546043,0.0698649799545925,0.0462072443539385,0.0462072443539346
36059,2020-03-27,66,"Nassau","New York",7.96777522845726,0.213171169501276,28.6226414805611,9.45997341496619,0.213171169501274,28.6226414805609,9.45997341496618,2020-04-03,73,9.04654331509712,0.170924447477752,0.170924447477743,0.0457003393969418,0.0457003393969406
36067,2020-03-27,66,"Onondaga","New York",4.09672268462707,0.293239847774131,52.0294475129363,6.14940161904598,0.293239847774127,52.0294475129361,6.14940161904596,2020-04-03,73,5.36797668257815,0.610624931333763,0.610624931333719,0.145571596650925,0.14557159665092
36071,2020-03-27,66,"Orange","New York",6.24027584517077,0.260305677488527,42.0271235519025,8.06241558759046,0.260305677488524,42.0271235519022,8.06241558759044,2020-04-03,73,7.39948545391374,0.439476362136641,0.439476362136608,0.0895913827800132,0.0895913827800098
36079,2020-03-27,66,"Putnam","New York",4.18531634042783,0.256295758631112,49.6699742407686,5.97938665084561,0.256295758631109,49.6699742407683,5.97938665084559,2020-04-03,73,5.22957956456891,0.562210666630759,0.562210666630722,0.143378081740403,0.143378081740398
36083,2020-03-27,66,"Rensselaer","New York",3.36729582998647,0.14272198400364,42.4066071986457,4.36634971801195,0.142721984003638,42.4066071986454,4.36634971801194,2020-04-03,73,3.96217278911362,0.16335898985369,0.163358989853677,0.102008910365758,0.102008910365754
36087,2020-03-27,66,"Rockland","New York",6.69615202440679,0.272441346513008,41.4216747563788,8.60324144999785,0.272441346513005,41.4216747563786,8.60324144999782,2020-04-03,73,7.99033496771899,0.375654356019447,0.375654356019421,0.0767059810076808,0.0767059810076781
36091,2020-03-27,66,"Saratoga","New York",4.06535702534885,0.153334019920705,39.4869207273688,5.13869516479378,0.153334019920703,39.4869207273685,5.13869516479377,2020-04-03,73,4.71081637512308,0.183080258650066,0.183080258650057,0.0908290104301772,0.090829010430175
36093,2020-03-27,66,"Schenectady","New York",3.89473150831808,0.140198083982713,38.2197950380098,4.87611809619708,0.140198083982711,38.2197950380095,4.87611809619706,2020-04-03,73,4.44768060489532,0.183558683952943,0.183558683952933,0.0963282954333995,0.0963282954333967
36103,2020-03-27,66,"Suffolk","New York",7.54983470362859,0.255457404339772,36.4458176769583,9.33803653400699,0.25545740433977,36.4458176769582,9.33803653400699,2020-04-03,73,8.8271328584578,0.26102256568968,0.261022565689671,0.0578787794113318,0.0578787794113308
36105,2020-03-27,66,"Sullivan","New York",3.52214999207982,0.269563109869308,52.9338575527361,5.40909176116497,0.269563109869305,52.933857552736,5.40909176116495,2020-04-03,73,4.72358794080257,0.469915487731453,0.469915487731424,0.145123543576058,0.145123543576054
36111,2020-03-27,66,"Ulster","New York",3.98898404656427,0.25814039335131,50.5472303083712,5.79596680002345,0.258140393351306,50.5472303083709,5.79596680002342,2020-04-03,73,5.30826769740121,0.23785041469854,0.237850414698512,0.0918753782634223,0.091875378263417
36119,2020-03-27,66,"Westchester","New York",8.2872767558146,0.246185752105965,32.3373014688213,10.0105770205564,0.246185752105966,32.3373014688214,10.0105770205564,2020-04-03,73,9.20186167202859,0.654020514944392,0.654020514944392,0.0878860579904246,0.0878860579904246
37063,2020-03-27,66,"Durham","North Carolina",4.06535702534885,0.130734188003464,34.903642670415,4.98049634137309,0.130734188003462,34.9036426704147,4.98049634137309,2020-04-03,73,4.81797475950712,0.026413264572217,0.0264132645722147,0.0337323439781979,0.0337323439781964
37119,2020-03-27,66,"Mecklenburg","North Carolina",4.81102224019224,0.249654676862546,46.729292554607,6.55860497823007,0.249654676862543,46.7292925546068,6.55860497823005,2020-04-03,73,6.03650619777242,0.272587136555363,0.272587136555341,0.0864902251985282,0.0864902251985246
37183,2020-03-27,66,"Wake","North Carolina",4.22370058343614,0.221575743310815,46.937892747983,5.77473078661185,0.221575743310811,46.9378927479826,5.77473078661182,2020-04-03,73,5.21260384827401,0.315986694805074,0.315986694805039,0.107839949994276,0.10783994999427
39035,2020-03-27,66,"Cuyahoga","Ohio",5.23720155268797,0.218976089325039,42.0832263977731,6.77003417796324,0.218976089325037,42.0832263977729,6.77003417796322,2020-04-03,73,6.29894924685594,0.221921012316368,0.221921012316353,0.074787859473933,0.0747878594739304
39049,2020-03-27,66,"Franklin","Ohio",4.29825675160842,0.306630695581314,51.9823011409222,6.44467162067762,0.306630695581311,51.982301140922,6.4446716206776,2020-04-03,73,5.83188247728352,0.375510534261678,0.375510534261649,0.105075701676269,0.105075701676265
39061,2020-03-27,66,"Hamilton","Ohio",3.59535339610311,0.247958720433939,51.5001937830172,5.33106443914068,0.247958720433934,51.500193783017,5.33106443914065,2020-04-03,73,4.88819858975853,0.196130160548978,0.196130160548952,0.0905989888197305,0.0905989888197245
39093,2020-03-27,66,"Lorain","Ohio",3.46573590279973,0.229862501562959,50.9225694524582,5.07477341374044,0.229862501562956,50.922569452458,5.07477341374042,2020-04-03,73,4.378448813326,0.484867949142332,0.484867949142302,0.159034541706905,0.1590345417069
39099,2020-03-27,66,"Mahoning","Ohio",3.53888678443534,0.280790246413862,53.3966890601345,5.50441850933238,0.280790246413859,53.3966890601344,5.50441850933235,2020-04-03,73,4.91684776399609,0.345239380775038,0.345239380775009,0.11950151266403,0.119501512664025
39153,2020-03-27,66,"Summit","Ohio",3.60316593583991,0.226066105756814,50.0614499737703,5.18562867613761,0.226066105756811,50.0614499737701,5.18562867613758,2020-04-03,73,4.80050197951806,0.14832257244908,0.148322572449061,0.0802263384668378,0.0802263384668327
40109,2020-03-27,66,"Oklahoma","Oklahoma",3.85922481986117,0.248306907216953,50.4578434683283,5.59737317037985,0.24830690721695,50.4578434683281,5.59737317037983,2020-04-03,73,5.06890420222023,0.27927945030769,0.279279450307667,0.104257043944161,0.104257043944157
41043,2020-03-27,66,"Linn","Oregon",3.07136968775961,0.0544352065550213,9.57751385300291,3.45241613364476,0.05443520655502,9.57751385300159,3.45241613364475,2020-04-03,73,3.49216915986788,0.00158030309389623,0.00158030309389694,0.0113834766883475,0.01138347668835
41047,2020-03-27,66,"Marion","Oregon",3.67086094861126,0.260184822994562,51.8913332977612,5.4921547095732,0.260184822994558,51.8913332977611,5.49215470957317,2020-04-03,73,4.88927443709199,0.363464622947013,0.363464622946979,0.123306695142231,0.123306695142225
41051,2020-03-27,66,"Multnomah","Oregon",3.43398720448515,0.286147152733699,53.9992263711917,5.43701727362104,0.286147152733697,53.9992263711916,5.43701727362102,2020-04-03,73,4.78391392143417,0.426543988637732,0.426543988637709,0.13652071565516,0.136520715655156
41067,2020-03-27,66,"Washington","Oregon",4.34380542185368,0.176033391076769,41.3239689624605,5.57603915939107,0.176033391076766,41.3239689624601,5.57603915939105,2020-04-03,73,5.14915422823182,0.182230744450837,0.182230744450821,0.0829038929963919,0.0829038929963881
42003,2020-03-27,66,"Allegheny","Pennsylvania",4.35487564560793,0.267699572864444,49.7322278888614,6.22877265565904,0.267699572864442,49.7322278888612,6.22877265565903,2020-04-03,73,5.81028519489281,0.175131754818572,0.175131754818561,0.0720252873532066,0.0720252873532043
42017,2020-03-27,66,"Bucks","Pennsylvania",4.30406509320417,0.238708067855323,47.9693354653903,5.97502156819143,0.238708067855321,47.9693354653902,5.97502156819142,2020-04-03,73,5.7184364830433,0.0658359059204712,0.0658359059204661,0.0448697971742748,0.0448697971742731
42029,2020-03-27,66,"Chester","Pennsylvania",3.95945169899926,0.281344341867233,51.9266702407411,5.92886209206989,0.28134434186723,51.9266702407409,5.92886209206987,2020-04-03,73,5.1197032145424,0.654738089081544,0.65473808908151,0.158048004663452,0.158048004663448
42045,2020-03-27,66,"Delaware","Pennsylvania",4.53413441287134,0.279535387883964,49.7797480770003,6.49088212805909,0.279535387883962,49.7797480770002,6.49088212805908,2020-04-03,73,5.8761338591303,0.377915434150934,0.37791543415092,0.104617812266749,0.104617812266747
42077,2020-03-27,66,"Lehigh","Pennsylvania",3.67086094861126,0.391024423953374,56.6121952396279,6.40803191628487,0.391024423953369,56.6121952396277,6.40803191628484,2020-04-03,73,5.73749353199851,0.449621724801367,0.449621724801323,0.116869566919198,0.116869566919192
42089,2020-03-27,66,"Monroe","Pennsylvania",3.92055790787798,0.246067191216149,50.0671245585353,5.64302824639103,0.246067191216147,50.0671245585351,5.64302824639101,2020-04-03,73,5.43309797857299,0.0440707173461524,0.0440707173461457,0.0386391463297657,0.0386391463297628
42091,2020-03-27,66,"Montgomery","Pennsylvania",5.20479130853721,0.279610162981981,47.3855431682838,7.16206244941108,0.279610162981978,47.3855431682836,7.16206244941106,2020-04-03,73,6.39119898050716,0.594230487690581,0.59423048769055,0.120613279488718,0.120613279488714
42095,2020-03-27,66,"Northampton","Pennsylvania",3.61091791264422,0.299332689671761,53.9367739066393,5.70624674034655,0.299332689671757,53.9367739066392,5.70624674034652,2020-04-03,73,5.52829465744081,0.0316669438104906,0.0316669438104814,0.0321893267151061,0.0321893267151014
42101,2020-03-27,66,"Philadelphia","Pennsylvania",5.46262041783931,0.348912938603252,50.3438869314879,7.90501098806208,0.348912938603246,50.3438869314877,7.90501098806204,2020-04-03,73,7.21303165983487,0.478835390693777,0.478835390693723,0.0959346029326937,0.0959346029326883
45019,2020-03-27,66,"Charleston","South Carolina",3.71008166176454,0.35767444427182,55.6272106627081,6.21380277166728,0.357674444271816,55.627210662708,6.21380277166725,2020-04-03,73,5.0955015147395,1.25059770124626,1.25059770124619,0.219468339611504,0.219468339611499
45045,2020-03-27,66,"Greenville","South Carolina",3.60316593583991,0.16000435507872,43.4808258558512,4.72319642139094,0.160004355078718,43.480825855851,4.72319642139093,2020-04-03,73,4.70177822450801,0.000458739157715957,0.000458739157715501,0.00455533967367661,0.00455533967367434
45055,2020-03-27,66,"Kershaw","South Carolina",4.01766919456313,0.0858435618388081,19.1977808410691,4.61857412743479,0.0858435618388076,19.1977808410688,4.61857412743479,2020-04-03,73,4.60230895370706,0.000264555876393287,0.000264555876393172,0.00353413338637995,0.00353413338637918
45079,2020-03-27,66,"Richland","South Carolina",3.85318250540521,0.136132174324582,37.6952842006475,4.80610772567729,0.13613217432458,37.695284200647,4.80610772567727,2020-04-03,73,5.00394630594546,0.039140103842526,0.039140103842532,0.0395365114196188,0.0395365114196219
47037,2020-03-27,66,"Davidson","Tennessee",5.42683621734901,0.134249525509961,25.5764961050358,6.36658289591874,0.13424952550996,25.5764961050356,6.36658289591874,2020-04-03,73,6.34413146964918,0.000504066541537782,0.000504066541537543,0.00353892827993492,0.00353892827993408
47157,2020-03-27,66,"Shelby","Tennessee",4.856484614269,0.224533405603265,44.3707702592368,6.42821845349186,0.224533405603265,44.3707702592367,6.42821845349185,2020-04-03,73,6.1177824852142,0.0963704904004855,0.0963704904004833,0.0507432176655405,0.0507432176655399
47165,2020-03-27,66,"Sumner","Tennessee",3.47462485021697,0.233149193431533,51.0969896182063,5.10666920423771,0.23314919343153,51.0969896182061,5.10666920423768,2020-04-03,73,5.17129535410903,0.00417653924719081,0.0041765392471938,0.0124970912403936,0.012497091240398
47187,2020-03-27,66,"Williamson","Tennessee",4.12482757894718,0.135843532382904,35.635451120923,5.07573230562751,0.135843532382903,35.6354511209226,5.0757323056275,2020-04-03,73,4.91789324239764,0.0249131698812813,0.0249131698812774,0.0320948535175833,0.0320948535175807
48029,2020-03-27,66,"Bexar","Texas",4.03297561584581,0.185872156516979,44.3024219903672,5.33408071146466,0.185872156516977,44.302421990367,5.33408071146464,2020-04-03,73,5.24325758936501,0.0082488395079279,0.00824883950792548,0.0173218882634849,0.0173218882634824
48085,2020-03-27,66,"Collin","Texas",4.1225154391888,0.236543110960596,48.5718220139773,5.77831721591297,0.236543110960593,48.571822013977,5.77831721591295,2020-04-03,73,5.12820666714205,0.422643725623224,0.422643725623199,0.126771518967122,0.126771518967118
48113,2020-03-27,66,"Dallas","Texas",5.2722666893481,0.236242161247022,43.6827867577996,6.92596181807725,0.236242161247019,43.6827867577993,6.92596181807723,2020-04-03,73,6.45272470623679,0.223953364023102,0.223953364023082,0.0733391138448944,0.0733391138448911
48121,2020-03-27,66,"Denton","Texas",4.08477511120595,0.343709903921448,54.1156316282946,6.49074443865609,0.343709903921444,54.1156316282945,6.49074443865606,2020-04-03,73,5.32787616878958,1.35226261306232,1.35226261306226,0.218261129393083,0.218261129393078
48157,2020-03-27,66,"Fort Bend","Texas",3.99426110366512,0.219859476113022,47.8326634162822,5.53327743645627,0.21985947611302,47.8326634162821,5.53327743645626,2020-04-03,73,4.969813299576,0.317491833550227,0.317491833550211,0.113377324844042,0.113377324844039
48201,2020-03-27,66,"Harris","Texas",4.91893762891555,0.194081457124988,40.6552931857485,6.27750782879046,0.194081457124985,40.655293185748,6.27750782879044,2020-04-03,73,6.55087623258326,0.0747302841922222,0.0747302841922343,0.0417300516888255,0.0417300516888289
48439,2020-03-27,66,"Tarrant","Texas",4.21950770517611,0.196710294246056,44.5496345204073,5.5964797648985,0.196710294246054,44.5496345204071,5.59647976489848,2020-04-03,73,5.39362754635236,0.0411490225690893,0.0411490225690831,0.0376096081538522,0.0376096081538494
48453,2020-03-27,66,"Travis","Texas",4.62497281328427,0.214775301643695,44.4659931663979,6.12839992479013,0.214775301643693,44.4659931663977,6.12839992479012,2020-04-03,73,5.45471042831582,0.453857537659809,0.453857537659792,0.123506005557534,0.123506005557531
49011,2020-03-27,66,"Davis","Utah",3.41538201665411,0.190808170671277,48.1004414819421,4.75103921135305,0.190808170671274,48.1004414819418,4.75103921135303,2020-04-03,73,4.43759648582869,0.0982463421841392,0.0982463421841248,0.0706334445967154,0.0706334445967102
49035,2020-03-27,66,"Salt Lake","Utah",4.87846352098777,0.198981302035126,41.4828043082833,6.27133263523365,0.198981302035124,41.4828043082831,6.27133263523364,2020-04-03,73,5.99360511160709,0.0771325773797407,0.0771325773797323,0.0463373075895036,0.046337307589501
49043,2020-03-27,66,"Summit","Utah",4.3658246600976,0.146316954921496,36.1618676903166,5.39004334454808,0.146316954921494,36.161867690316,5.39004334454806,2020-04-03,73,5.18178355029209,0.0433721419035476,0.0433721419035391,0.0401907552167538,0.0401907552167499
50007,2020-03-27,66,"Chittenden","Vermont",3.77111755235091,0.27460999088443,52.2673694420026,5.69338748854192,0.274609990884428,52.2673694420025,5.6933874885419,2020-04-03,73,4.96484063890662,0.530780512113516,0.530780512113494,0.14674123554462,0.146741235544617
51013,2020-03-27,66,"Arlington","Virginia",3.72397077392521,0.172712697687318,44.4383497925142,4.93295965773643,0.172712697687316,44.4383497925139,4.93295965773642,2020-04-03,73,4.62637239363869,0.0939957505069382,0.0939957505069284,0.0662694737931823,0.0662694737931788
51059,2020-03-27,66,"Fairfax","Virginia",4.18314006100523,0.26541903446245,50.2394873092757,6.04107330224238,0.265419034462448,50.2394873092756,6.04107330224237,2020-04-03,73,5.52715893897688,0.264107972770585,0.264107972770567,0.0929798417124278,0.0929798417124246
51095,2020-03-27,66,"James City","Virginia",3.56751859710967,0.152136580455559,42.550553545853,4.63247466029858,0.152136580455557,42.5505535458527,4.63247466029857,2020-04-03,73,4.39797028507102,0.0549923020008705,0.0549923020008643,0.0533210458523546,0.0533210458523516
51153,2020-03-27,66,"Prince William","Virginia",3.31678003984957,0.181285823920425,47.7041400804429,4.58578080729255,0.181285823920424,47.7041400804429,4.58578080729254,2020-04-03,73,4.53259949315326,0.00282825217358195,0.00282825217358119,0.0117330715452853,0.0117330715452837
53025,2020-03-27,66,"Grant","Washington",3.23587340123677,0.184571276527973,48.4681637245633,4.52787233693258,0.184571276527971,48.4681637245631,4.52787233693257,2020-04-03,73,4.15888308335967,0.136153069252292,0.136153069252282,0.0887231610451592,0.0887231610451558
53029,2020-03-27,66,"Island","Washington",3.64507683145554,0.253448900809543,51.6180996650103,5.41921913712234,0.253448900809539,51.6180996650101,5.41921913712232,2020-04-03,73,4.63611498983751,0.6132521054947,0.613252105494662,0.16891387487183,0.168913874871825
53033,2020-03-27,66,"King","Washington",7.0916232584955,0.117946486550893,5.87423054407387,7.91724866435175,0.117946486550893,5.87423054407366,7.91724866435175,2020-04-03,73,7.65923875084051,0.0665691154700796,0.0665691154700782,0.0336861040508667,0.0336861040508664
53035,2020-03-27,66,"Kitsap","Washington",3.22457384598284,0.180051408259416,48.090815744485,4.48493370379875,0.180051408259414,48.0908157444848,4.48493370379873,2020-04-03,73,4.21106883653024,0.0750019655239967,0.0750019655239874,0.0650345263636584,0.0650345263636544
53053,2020-03-27,66,"Pierce","Washington",4.98458461689631,0.151709868266449,33.1439658220396,6.04655369476146,0.151709868266446,33.1439658220389,6.04655369476143,2020-04-03,73,5.95509690293711,0.00836434477080218,0.00836434477079796,0.0153577336045096,0.0153577336045057
53057,2020-03-27,66,"Skagit","Washington",3.99951045955126,0.183369225826402,44.1887585469895,5.28309504033608,0.183369225826399,44.1887585469892,5.28309504033606,2020-04-03,73,4.77310300532994,0.260091875769696,0.260091875769677,0.106847062474169,0.106847062474165
53061,2020-03-27,66,"Snohomish","Washington",6.40687998606931,0.124613239173309,14.5858803721586,7.27917266028248,0.124613239173308,14.5858803721582,7.27917266028247,2020-04-03,73,7.02566529070371,0.0642659864307476,0.064265986430744,0.0360830411198509,0.0360830411198499
53063,2020-03-27,66,"Spokane","Washington",3.67810735713203,0.310811527145555,54.1661166466019,5.85378804715091,0.310811527145552,54.1661166466018,5.85378804715089,2020-04-03,73,4.95683258810328,0.804529095515352,0.80452909551531,0.180953349362733,0.180953349362729
53073,2020-03-27,66,"Whatcom","Washington",3.97029191355212,0.236029453590369,49.1788285183993,5.62249808868471,0.236029453590367,49.1788285183991,5.62249808868469,2020-04-03,73,4.85314571300348,0.591903077966347,0.591903077966319,0.158526535401529,0.158526535401526
53077,2020-03-27,66,"Yakima","Washington",3.72741311811618,0.230905556649702,49.8574126487095,5.3437520146641,0.2309055566497,49.8574126487093,5.34375201466408,2020-04-03,73,5.15823394393222,0.0344169545680795,0.0344169545680719,0.0359654239703711,0.0359654239703672
55025,2020-03-27,66,"Dane","Wisconsin",4.43928424994241,0.23672610308008,47.2471704971179,6.09636697150297,0.236726103080078,47.2471704971178,6.09636697150296,2020-04-03,73,5.27957132372698,0.667155130225799,0.667155130225778,0.154708706008994,0.154708706008991
55079,2020-03-27,66,"Milwaukee","Wisconsin",5.61104042295758,0.211585731596032,39.4810075299859,7.09214054412981,0.21158573159603,39.4810075299858,7.0921405441298,2020-04-03,73,6.56042429902605,0.282722165307242,0.282722165307229,0.0810490634245559,0.0810490634245541
55133,2020-03-27,66,"Waukesha","Wisconsin",3.65620867182439,0.186018418675284,46.3449104778882,4.95833760255138,0.186018418675281,46.3449104778879,4.95833760255136,2020-04-03,73,4.60944674275535,0.121724832049212,0.121724832049199,0.0756903982770556,0.0756903982770514
99999,2020-03-27,66,"New York City","New York",9.65686516064075,0.208396922187844,19.6611910614674,11.1156436159557,0.208396922187839,19.6611910614664,11.1156436159556,2020-04-03,73,10.6443120333642,0.222153460748211,0.222153460748181,0.0442801358241034,0.0442801358241004
